2019/2020;60;No;49;;;No;Nido d'infanzia;Nido degli scriccioli AOUSMM (AZIENDA Ospedaliero Universitaria) ;44LHW15VY1G90U9H;UDINE;Via Colugna;Attivo;48;33100;Attivo;4.5 Udine;48|UDINE|Via Colugna;Via Colugna 48 UDINE
2019/2020;6;No;5;;;No;Nido d'infanzia;NIDO INTEGRATO - “MAGIA”;LRFP4ZX8TJEB2QCA;TOLMEZZO;via P.F. CALVI;Attivo;2;33028;Attivo;3.2 Carnia;2|TOLMEZZO|via P.F. CALVI;via P.F. CALVI 2 TOLMEZZO
2019/2020;54;Si;44;2;;No;Nido d'infanzia;Asilo nido Il primo volo;X6JR7BWW6WHVL25Z;GEMONA DEL FRIULI;P.zza Pre Pieri Londar ;Attivo;1;33013;Attivo;3.1 Gemonese;1|GEMONA DEL FRIULI|P.zza Pre Pieri Londar ;P.zza Pre Pieri Londar  1 GEMONA DEL FRIULI
2019/2020;25;Si;25;2;4;Si;Nido d'infanzia;PIKA POKA;95XH6ZNZYHQI6AJV;SAN DORLIGO DELLA VALLE;LOCALITA' DOMIO;Attivo;38;34018;Attivo;1.3 Muggia - San Dorligo;38|SAN DORLIGO DELLA VALLE|LOCALITA' DOMIO;LOCALITA' DOMIO 38 SAN DORLIGO DELLA VALLE
2019/2020;12;No;7;;;No;Nido d'infanzia;Infants - Nido integrato scuola infanzia The Mills English school;31FF7IZ27LV85JC7;UDINE;Via F. Tomadini  ;Attivo;5;33100;Attivo;4.5 Udine;5|UDINE|Via F. Tomadini  ;Via F. Tomadini   5 UDINE
2019/2020;38;No;23;;3;Si;Nido d'infanzia;"Nido d'infanzia aziendale ""Daniele Moro""";8WMBF4YWMYK3BMDD;CODROIPO;Via Sebastiano Ricci ;Attivo;36;33033;Attivo;4.4 Codroipo;36|CODROIPO|Via Sebastiano Ricci ;Via Sebastiano Ricci  36 CODROIPO
2019/2020;69;No;50;;9;Si;Nido d'infanzia;Asilo Nido comunale;AAUN7SEZQE8JFQ8M;CERVIGNANO DEL FRIULI;Via Costantino Dardi ;Attivo;4;33052;Attivo;5.1 Cervignano;4|CERVIGNANO DEL FRIULI|Via Costantino Dardi ;Via Costantino Dardi  4 CERVIGNANO DEL FRIULI
2019/2020;5;No;3;;;No;Servizio integrativo;La coccinella - Nidi Familiari La Gerla;NHS5B0ISJLNEJTAD;VENZONE;Carnia, via Moggio ;Attivo;24;33010;Attivo;3.1 Gemonese;24|VENZONE|Carnia, via Moggio ;Carnia, via Moggio  24 VENZONE
2019/2020;16;Si;16;1;;No;Nido d'infanzia;Asilo Nido Integrato;DMZIHVYQL071AUZG;TRAVESIO;via Roma;Attivo;89;33090;Attivo;6.4 Maniago;89|TRAVESIO|via Roma;via Roma 89 TRAVESIO
2019/2020;21;Si;21;6;2;Si;Nido d'infanzia;SCUOLA DELL’INFANZIA “ANTO ZILLI” E NIDO INTEGRATO “MAMMA MARGHERITA”;ZFWWWYI8V7KXDZ8W;FONTANAFREDDA;Viale Europa Unita;Attivo;10;33074;Attivo;6.1 Sacile;10|FONTANAFREDDA|Viale Europa Unita;Viale Europa Unita 10 FONTANAFREDDA
2019/2020;16;Si;12;5;;No;Servizio sperimentale;Servizio educativo sperimentale La Luna;SZXOOWR6K4XG9H49;TRIESTE;giulia;Attivo;6;34126;Attivo;1.2 Trieste;6|TRIESTE|giulia;giulia 6 TRIESTE
2019/2020;14;No;13;;1;Si;Nido d'infanzia;"Asilo nido integrato Parrocchia ""S. Osvaldo""";HSD3OL1ZG72PQX3F;UDINE;Via 3 novembre 1918;Attivo;10;33100;Attivo;4.5 Udine;10|UDINE|Via 3 novembre 1918;Via 3 novembre 1918 10 UDINE
2019/2020;21;No;5;;;No;Nido d'infanzia;Nido Integrato La Cove;1PHRB26PR8EZ82FN;VILLA SANTINA;Via Stati Uniti d’America;Attivo;4;33029;Attivo;3.2 Carnia;4|VILLA SANTINA|Via Stati Uniti d’America;Via Stati Uniti d’America 4 VILLA SANTINA
2019/2020;25;Si;25;6;2;Si;Nido d'infanzia;"Nido ""Il Fantabosco""";51N2NN85UCFJ3FL3;TRIESTE;Besenghi;Attivo;25;34131;Attivo;1.2 Trieste;25|TRIESTE|Besenghi;Besenghi 25 TRIESTE
2019/2020;63;Si;61;8;;No;Nido d'infanzia;"""Don Piero Martin""";75DE4QK302LC9UWE;CORDENONS;Via Don Minzoni;Attivo;24;33084;Attivo;6.5 Pordenone;24|CORDENONS|Via Don Minzoni;Via Don Minzoni 24 CORDENONS
2019/2020;12;No;16;;;No;Nido d'infanzia;Sole e Luna;K1CZE7YR8VI2NZZ2;AZZANO DECIMO;Viale Rimembranze;Attivo;3;33082;Attivo;6.3 Azzano Decimo;3|AZZANO DECIMO|Viale Rimembranze;Viale Rimembranze 3 AZZANO DECIMO
2019/2020;21;Si;21;16;;No;Nido d'infanzia;Asilo Nido Integrato San Quirino;3DF1EJ2MVP1KO3U3;SAN QUIRINO;Via Giuseppe Verdi ;Attivo;2;33080;Attivo;6.5 Pordenone;2|SAN QUIRINO|Via Giuseppe Verdi ;Via Giuseppe Verdi  2 SAN QUIRINO
2019/2020;24;No;18;;3;Si;Nido d'infanzia;Nido Integrato Scuola dell'infanzia paritaria Regina Margherita;3YX67VQXQRU4BG77;PALMANOVA;Contrada Foscarini ;Attivo;39;33057;Attivo;5.1 Cervignano;39|PALMANOVA|Contrada Foscarini ;Contrada Foscarini  39 PALMANOVA
2019/2020;8;No;9;;;No;Servizio integrativo;IL BIANCONIGLIO;ZRWTEF796N01TSJT;PORCIA;Marco Vietti;Attivo;10;33080;Attivo;6.5 Pordenone;10|PORCIA|Marco Vietti;Marco Vietti 10 PORCIA
2019/2020;49;No;48;;4;Si;Nido d'infanzia;Il Grillo Parlante ;GBHUB25N7J1CK2JD;FOGLIANO REDIPUGLIA;via G.Paolini;Attivo;12;34070;Attivo;2.2 Basso Isontino;12|FOGLIANO REDIPUGLIA|via G.Paolini;via G.Paolini 12 FOGLIANO REDIPUGLIA
2019/2020;45;No;41;5;;No;Nido d'infanzia;Nidolandia;8MR2JXV0R3T16062;AZZANO DECIMO;Via Montessori;Attivo;18;33082;Attivo;6.3 Azzano Decimo;18|AZZANO DECIMO|Via Montessori;Via Montessori 18 AZZANO DECIMO
2019/2020;12;No;12;;2;Si;Nido d'infanzia;Nido Maja;HUYSPQRT36UBUVV8;MONRUPINO;Repen, 130;Attivo;130;34016;Attivo;1.1 Duino Aurisina;130|MONRUPINO|Repen, 130;Repen, 130 130 MONRUPINO
2019/2020;47;No;28;;;No;Nido d'infanzia;Asilo Nido Zerovirgolatre;GQQ9LW1UUYMAU3LN;SAN DANIELE DEL FRIULI;Via Sottomonte 8;Attivo;8;33038;Attivo;4.1 San Daniele del Friuli;8|SAN DANIELE DEL FRIULI|Via Sottomonte 8;Via Sottomonte 8 8 SAN DANIELE DEL FRIULI
2019/2020;46;Si;40;5;6;Si;Nido d'infanzia;UN'OASI DI SORRISI;UJJEL78D0KXBXQY8;TRIESTE;VIA DEL COLLEGIO;Attivo;6;34121;Attivo;1.2 Trieste;6|TRIESTE|VIA DEL COLLEGIO;VIA DEL COLLEGIO 6 TRIESTE
2019/2020;48;No;36;;8;Si;Nido d'infanzia;Asilo nido Rondinelle (Flaibano);6UJH9TKOJ2KP034W;FLAIBANO;Via Divisione Julia 3;Attivo;;33030;Attivo;4.1 San Daniele del Friuli;|FLAIBANO|Via Divisione Julia 3;Via Divisione Julia 3  FLAIBANO
2019/2020;12;No;10;;;No;Nido d'infanzia;Il Nido di Pollicino;I9LE3CBCJQWAS6E4;AZZANO DECIMO;Via Papa Luciani;Attivo;3;33082;Attivo;6.3 Azzano Decimo;3|AZZANO DECIMO|Via Papa Luciani;Via Papa Luciani 3 AZZANO DECIMO
2019/2020;31;No;24;;4;Si;Nido d'infanzia;Scuola Materna Cardinal A. Panciera ;ICSFHK0FZJ33OPHZ;ZOPPOLA;Piazza Vittorio Emanuele ;Attivo;34;33080;Attivo;6.5 Pordenone;34|ZOPPOLA|Piazza Vittorio Emanuele ;Piazza Vittorio Emanuele  34 ZOPPOLA
2019/2020;47;No;32;;7;Si;Nido d'infanzia;Asilo nido Rondinelle (Majano);C6945LO58V93FV75;MAJANO;Via G. Schiratti;Attivo;5;33030;Attivo;4.1 San Daniele del Friuli;5|MAJANO|Via G. Schiratti;Via G. Schiratti 5 MAJANO
2019/2020;29;No;23;;4;Si;Nido d'infanzia;Asilo Nido Rondinelle (Tarcento);IKYGZQVV1IT8PFG0;TARCENTO;Via Loris Pasquali ;Attivo;1;33017;Attivo;4.2 Tarcento;1|TARCENTO|Via Loris Pasquali ;Via Loris Pasquali  1 TARCENTO
2019/2020;38;No;24;;5;Si;Nido d'infanzia;Asilo Nido Pollicino;VNSGSXFINLTKVQ9U;BASILIANO;Via Aquileia 24;Attivo;;33031;Attivo;4.4 Codroipo;|BASILIANO|Via Aquileia 24;Via Aquileia 24  BASILIANO
2019/2020;10;No;0;;;No;Servizio sperimentale;"Servizio  sperim. ""Baby Dance""";X0VY458MS6OG4Y3E;RONCHI DEI LEGIONARI;Via Redipuglia 80/A-B;Attivo;;34077;Attivo;2.2 Basso Isontino;|RONCHI DEI LEGIONARI|Via Redipuglia 80/A-B;Via Redipuglia 80/A-B  RONCHI DEI LEGIONARI
2019/2020;10;No;0;;;No;Servizio integrativo;Centro gioco pomeridiano ;IV628ZRWS3MCP8QS;RONCHI DEI LEGIONARI;via Redipuglia;Attivo;80 A/B;34077;Attivo;2.2 Basso Isontino;80 A/B|RONCHI DEI LEGIONARI|via Redipuglia;via Redipuglia 80 A/B RONCHI DEI LEGIONARI
2019/2020;31;No;20;;2;Si;Nido d'infanzia;Le Birbe;GT96U491J4V2PV72;RONCHI DEI LEGIONARI;via Redipuglia ;Attivo;80 A/B;34077;Attivo;2.2 Basso Isontino;80 A/B|RONCHI DEI LEGIONARI|via Redipuglia ;via Redipuglia  80 A/B RONCHI DEI LEGIONARI
2019/2020;60;No;40;;;No;Nido d'infanzia;"Nido d'infanzia comunale ""Arcobaleno""";FW2WLK4XWXKM5Q0I;TOLMEZZO;Via per Illegio (Fr. Betania);Attivo;46;33028;Attivo;3.2 Carnia;46|TOLMEZZO|Via per Illegio (Fr. Betania);Via per Illegio (Fr. Betania) 46 TOLMEZZO
2019/2020;8;No;6;;;No;Nido d'infanzia;I Sospiri del mio Cuore;H0XX796QEU36TC0O;CODROIPO;Vicolo dei Pini;Attivo;2;33033;Attivo;4.4 Codroipo;2|CODROIPO|Vicolo dei Pini;Vicolo dei Pini 2 CODROIPO
2019/2020;54;Si;52;0;5;Si;Nido d'infanzia;Nido d'infanzia Arcobaleno - Remanzacco;NECXF1TB4FTDZ38W;REMANZACCO;Via Manzanesia (fraz. Cerneglons);Attivo;2;33047;Attivo;4.3 Cividale;2|REMANZACCO|Via Manzanesia (fraz. Cerneglons);Via Manzanesia (fraz. Cerneglons) 2 REMANZACCO
2019/2020;25;No;23;;;No;Servizio integrativo;Punto incontro 0-3 anni;3C8HT8K1OA85MOCX;REMANZACCO;Via Matteotti 6 (c/o scuola dell'infanzia);Attivo;;33047;Attivo;4.3 Cividale;|REMANZACCO|Via Matteotti 6 (c/o scuola dell'infanzia);Via Matteotti 6 (c/o scuola dell'infanzia)  REMANZACCO
2019/2020;15;No;15;;;No;Nido d'infanzia;Marameo soc.coop.soc.onlus;56VSWP7O61ULSS5Y;CORDENONS;Via Calcherutti;Attivo;4;33084;Attivo;6.5 Pordenone;4|CORDENONS|Via Calcherutti;Via Calcherutti 4 CORDENONS
2019/2020;5;No;3;;;No;Servizio integrativo;Nido dei Gufi;36D2H0G9GSTAK20W;CORDENONS;via S. Giovanni;Attivo;35;33084;Attivo;6.5 Pordenone;35|CORDENONS|via S. Giovanni;via S. Giovanni 35 CORDENONS
2019/2020;8;No;9;;;No;Servizio integrativo;Le piccole menti;YQWB0W33QCFAHJL3;UDINE;Via Orsaria ;Attivo;16;33100;Attivo;4.5 Udine;16|UDINE|Via Orsaria ;Via Orsaria  16 UDINE
2019/2020;46;Si;39;5;6;Si;Nido d'infanzia;NIDO D'INFANZIA AZIENDALE DELL'ASS N. 5 FRIULI OCCIDENTALE ;98NYL1AD9O8C3UVS;PORDENONE;Vial Rotto;Attivo;1;33170;Attivo;6.5 Pordenone;1|PORDENONE|Vial Rotto;Vial Rotto 1 PORDENONE
2019/2020;41;No;40;;3;Si;Nido d'infanzia;Slovenski Dijaski DomSrecko KosovelCasa dello Studente Sloveno Srecko Kosovel;ZOKPST103Q6QBG1V;TRIESTE;Ginnastica;Attivo;72;34142;Attivo;1.2 Trieste;72|TRIESTE|Ginnastica;Ginnastica 72 TRIESTE
2019/2020;30;Si;30;22;;No;Nido d'infanzia;Guido Rossa;CHEOY57IWSRF83FC;STARANZANO;piazzale U.N.I.C.E.F.;Attivo;3;34079;Attivo;2.2 Basso Isontino;3|STARANZANO|piazzale U.N.I.C.E.F.;piazzale U.N.I.C.E.F. 3 STARANZANO
2019/2020;20;No;15;;;No;Nido d'infanzia;marco tedeschi;J3EFQX609W4JJPOY;TRIESTE;via del Monte 3;Attivo;3;34122;Attivo;1.2 Trieste;3|TRIESTE|via del Monte 3;via del Monte 3 3 TRIESTE
2019/2020;8;No;14;;;No;Servizio integrativo;Nido familiare Pezzettino;O4DHCCGKW35S30Q4;CIVIDALE DEL FRIULI;via della Chiesa;Attivo;52;33043;Attivo;4.3 Cividale;52|CIVIDALE DEL FRIULI|via della Chiesa;via della Chiesa 52 CIVIDALE DEL FRIULI
2019/2020;40;Si;34;11;6;Si;Nido d'infanzia;Asilo nido Comunale - Grado;8B1EYQFV83A830VL;GRADO;via dell'Operosità;Attivo;16;34073;Attivo;2.2 Basso Isontino;16|GRADO|via dell'Operosità;via dell'Operosità 16 GRADO
2019/2020;46;Si;45;13;2;Si;Nido d'infanzia;Il Girotondo;ZG5D6KRKLXP8IK2W;PORCIA;Via Papa Giovanni XXIII ;Attivo;13;33080;Attivo;6.5 Pordenone;13|PORCIA|Via Papa Giovanni XXIII ;Via Papa Giovanni XXIII  13 PORCIA
2019/2020;8;Si;8;3;;No;Servizio integrativo;La casetta dei cuccioli di Snaidero Jessica;8307627ZOJEGRKLJ;COLLOREDO DI MONTE ALBANO;Piazza del Tiglio;Attivo;7;33010;Attivo;4.1 San Daniele del Friuli;7|COLLOREDO DI MONTE ALBANO|Piazza del Tiglio;Piazza del Tiglio 7 COLLOREDO DI MONTE ALBANO
2019/2020;16;Si;16;11;2;Si;Nido d'infanzia;Nido d'Infanzia aziendale I cuccioli della scienza;AQO85YACFAZJGCDS;TRIESTE;c/o Area Science Park- Comprensorio Padriciano- Edificio P-PT Padriciano ;Attivo;99;34149;Attivo;1.2 Trieste;99|TRIESTE|c/o Area Science Park- Comprensorio Padriciano- Edificio P-PT Padriciano ;c/o Area Science Park- Comprensorio Padriciano- Edificio P-PT Padriciano  99 TRIESTE
2019/2020;35;Si;35;27;3;Si;Nido d'infanzia;Asilo Nido Arcobaleno;KM3Q1BZ8KE9KTY7Q;MANIAGO;Via Virgilio ;Attivo;24;33085;Attivo;6.4 Maniago;24|MANIAGO|Via Virgilio ;Via Virgilio  24 MANIAGO
2019/2020;48;Si;48;6;2;Si;Nido d'infanzia;"Nido d'infanzia ""L'arca del Bebè""";OCE76R9PU0AMPBSC;RONCHI DEI LEGIONARI;Via G.Marconi;Attivo;3/A;34077;Attivo;2.2 Basso Isontino;3/A|RONCHI DEI LEGIONARI|Via G.Marconi;Via G.Marconi 3/A RONCHI DEI LEGIONARI
2019/2020;28;No;28;;2;Si;Nido d'infanzia;Asilo Nido Alberazzurro;U2L6Z48DOX0E9YWM;BRUGNERA;VIA SS TRINITA' 87;Attivo;87;33070;Attivo;6.1 Sacile;87|BRUGNERA|VIA SS TRINITA' 87;VIA SS TRINITA' 87 87 BRUGNERA
2019/2020;24;No;21;;2;Si;Nido d'infanzia;Nido Maria Bambina;0HJOI7CLOJ7W4Z2V;SAN GIORGIO DI NOGARO;Via Paolo Diacono;Attivo;22;33058;Attivo;5.2 Latisana;22|SAN GIORGIO DI NOGARO|Via Paolo Diacono;Via Paolo Diacono 22 SAN GIORGIO DI NOGARO
2019/2020;32;Si;29;5;;No;Nido d'infanzia;Nido Integrato Aquilone-Scuola materna Maria Bambina;GBQKLPUJGBH3ZV2F;SACILE;PIAZZA DUOMO ;Attivo;8;33077;Attivo;6.1 Sacile;8|SACILE|PIAZZA DUOMO ;PIAZZA DUOMO  8 SACILE
2019/2020;5;No;5;;;No;Servizio integrativo;il ciliegio;ABQYCXV1G2F3WATM;TRIESTE;via del Marcese;Attivo;29;34149;Attivo;1.2 Trieste;29|TRIESTE|via del Marcese;via del Marcese 29 TRIESTE
2019/2020;32;No;19;;;No;Nido d'infanzia;"Asilo Nido ""Marameo""";NMIGQ0IP0D08QF21;PASIAN DI PRATO;Via Asilo -  frazione Colloredo di Prato;Attivo;11;33030;Attivo;4.5 Udine;11|PASIAN DI PRATO|Via Asilo -  frazione Colloredo di Prato;Via Asilo -  frazione Colloredo di Prato 11 PASIAN DI PRATO
2019/2020;32;No;14;;;No;Nido d'infanzia;Nido d’infanzia integrato Italica Spes;Y0ZAMLSVWCXTHES6;SESTO AL REGHENA;via Giotto di Bondone;Attivo;44;33079;Attivo;6.2 San Vito al Tagliamento;44|SESTO AL REGHENA|via Giotto di Bondone;via Giotto di Bondone 44 SESTO AL REGHENA
2019/2020;40;Si;40;13;;No;Nido d'infanzia;Albero Azzurro;JBJ7CVE37750WBX2;MONFALCONE;via Tagliamento;Attivo;24;34074;Attivo;2.2 Basso Isontino;24|MONFALCONE|via Tagliamento;via Tagliamento 24 MONFALCONE
2019/2020;31;No;31;;;No;Nido d'infanzia;Nido d'Infanzia La Margherita - Flambro;ROQU8YQGRDDWIMW3;TALMASSONS;Via G. B. Comelli - frazione Flambro;Attivo;1;33030;Attivo;4.4 Codroipo;1|TALMASSONS|Via G. B. Comelli - frazione Flambro;Via G. B. Comelli - frazione Flambro 1 TALMASSONS
2019/2020;15;No;8;;;No;Nido d'infanzia;Asilo le coccole;2C1U53X3V3NOM000;PRATA DI PORDENONE;Via Manzoni ;Attivo;7;33080;Attivo;6.3 Azzano Decimo;7|PRATA DI PORDENONE|Via Manzoni ;Via Manzoni  7 PRATA DI PORDENONE
2019/2020;8;No;9;;;No;Servizio integrativo;La tana del ghiro di M. ;3FKAL49TCZHLI3S3;TRIVIGNANO UDINESE;P.za Municipio;Attivo;11;33050;Attivo;5.1 Cervignano;11|TRIVIGNANO UDINESE|P.za Municipio;P.za Municipio 11 TRIVIGNANO UDINESE
2019/2020;20;Si;20;9;;No;Nido d'infanzia;Nido d'infanzia Comunale di Dolina;WMPL83QVI9EF99ZO;SAN DORLIGO DELLA VALLE;Loc. Dolina;Attivo;200;34018;Attivo;1.3 Muggia - San Dorligo;200|SAN DORLIGO DELLA VALLE|Loc. Dolina;Loc. Dolina 200 SAN DORLIGO DELLA VALLE
2019/2020;69;Si;60;3;;No;Nido d'infanzia;"Nido d'infanzia comunale ""Mondo dei Piccoli""";VAO3L94VLCW3Z5NL;CODROIPO;Via Invalidi del lavoro;Attivo;8;33033;Attivo;4.4 Codroipo;8|CODROIPO|Via Invalidi del lavoro;Via Invalidi del lavoro 8 CODROIPO
2019/2020;21;No;18;;;No;Nido d'infanzia;Pre Nursery - Nido;NO3A62OCD2TQD57L;UDINE;Via Martignacco ;Attivo;187;33100;Attivo;4.5 Udine;187|UDINE|Via Martignacco ;Via Martignacco  187 UDINE
2019/2020;22;No;22;;;No;Nido d'infanzia;Asilo Nido Mons. Dino De Carlo;LVI19NCRXQ048QMC;AVIANO;Via della Chiesa ;Attivo;4;33081;Attivo;6.1 Sacile;4|AVIANO|Via della Chiesa ;Via della Chiesa  4 AVIANO
2019/2020;27;Si;29;5;;No;Nido d'infanzia;Asilo Nido Il Girasole;F2ETKODJITM4AM1Z;AVIANO;via Dante Alighieri;Attivo;21;33080;Attivo;6.1 Sacile;21|AVIANO|via Dante Alighieri;via Dante Alighieri 21 AVIANO
2019/2020;32;No;26;;4;Si;Nido d'infanzia;Asilo Piccole Tracce;9IFYYP52121SNKKY;TRIESTE;Via del Ponzanino;Attivo;6/A;34137;Attivo;1.2 Trieste;6/A|TRIESTE|Via del Ponzanino;Via del Ponzanino 6/A TRIESTE
2019/2020;5;No;4;;;No;Servizio integrativo;Nido domiciliare Casa della Felicità;U0O4OE0N0C3D85BO;POLCENIGO;Via Ciasaril,13/a;Attivo;;33070;Attivo;6.1 Sacile;|POLCENIGO|Via Ciasaril,13/a;Via Ciasaril,13/a  POLCENIGO
2019/2020;17;No;14;;2;Si;Nido d'infanzia;Asilo nido Fondazione Casa De Senibus;DNS5UVVKI4ZMAH92;AIELLO DEL FRIULI;Via L. Da Vinci  (Joannis);Attivo;5;33041;Attivo;5.1 Cervignano;5|AIELLO DEL FRIULI|Via L. Da Vinci  (Joannis);Via L. Da Vinci  (Joannis) 5 AIELLO DEL FRIULI
2019/2020;10;No;10;;;No;Nido d'infanzia;"Nido integrato ""Nido dei Sogni""";1BYV2CLUUZZHIWDW;CARLINO;Via Aquileia ;Attivo;15;33050;Attivo;5.2 Latisana;15|CARLINO|Via Aquileia ;Via Aquileia  15 CARLINO
2019/2020;35;No;29;;;No;Nido d'infanzia;"Nido integrato ""Mons. Domenico Cattarossi""";37S5LWCFOERH3EX6;UDINE;Via Stuparich ;Attivo;7/A;33100;Attivo;4.5 Udine;7/A|UDINE|Via Stuparich ;Via Stuparich  7/A UDINE
2019/2020;60;Si;30;4;;No;Nido d'infanzia;"Nido d'infanzia ""Il germoglio""";S0WPRWU79O2UXG3J;CORMONS;via Armistizio;Attivo;11/b;34071;Attivo;2.1 Alto Isontino;11/b|CORMONS|via Armistizio;via Armistizio 11/b CORMONS
2019/2020;23;Si;23;6;3;Si;Nido d'infanzia;Nido d'infanzia Arcobaleno - Cividale;FC9TR0JBM0JAN4XV;CIVIDALE DEL FRIULI;Via del Crognolet;Attivo;21;33043;Attivo;4.3 Cividale;21|CIVIDALE DEL FRIULI|Via del Crognolet;Via del Crognolet 21 CIVIDALE DEL FRIULI
2019/2020;51;No;49;;7;Si;Nido d'infanzia;Nido l'Abbraccio;CZBHILXSSZVPQJIX;SAN VITO AL TAGLIAMENTO;Via Forgaria;Attivo;10;33078;Attivo;6.2 San Vito al Tagliamento;10|SAN VITO AL TAGLIAMENTO|Via Forgaria;Via Forgaria 10 SAN VITO AL TAGLIAMENTO
2019/2020;10;Si;10;0;;No;Nido d'infanzia;Micro Nido - Scuola materna Gesù Bambino;U8N94C7BYV045W9Z;VIVARO;Via Garibaldi ;Attivo;8;33099;Attivo;6.4 Maniago;8|VIVARO|Via Garibaldi ;Via Garibaldi  8 VIVARO
2019/2020;24;Si;24;9;;No;Nido d'infanzia;"Nido d'infanzia ""il giardino dei piccoli""";6AECIW1Y99SYOZ5C;ROMANS D'ISONZO;via De' Claricini;Attivo;15;34076;Attivo;2.1 Alto Isontino;15|ROMANS D'ISONZO|via De' Claricini;via De' Claricini 15 ROMANS D'ISONZO
2019/2020;25;No;23;;;No;Servizio integrativo;"Centro bambini e genitori ""Dimensione Zerotre""";0WMKGV1539HTI9RA;CORMONS;via Armistizio 11/b;Attivo;;34071;Attivo;2.1 Alto Isontino;|CORMONS|via Armistizio 11/b;via Armistizio 11/b  CORMONS
2019/2020;21;Si;20;6;3;Si;Nido d'infanzia;"Nido d'infanzia ""Chicco di grano""";BLOKXRHWWEABBCCZ;FARRA D'ISONZO;via Trieste;Attivo;3;34070;Attivo;2.1 Alto Isontino;3|FARRA D'ISONZO|via Trieste;via Trieste 3 FARRA D'ISONZO
2019/2020;4;Si;5;0;;No;Nido d'infanzia;Pronti, Partenza, Via!!!;X4V5D1FIA0X2HZCE;UDINE;Oderzo;Attivo;22/2;33100;Attivo;4.5 Udine;22/2|UDINE|Oderzo;Oderzo 22/2 UDINE
2019/2020;28;No;33;;;No;Nido d'infanzia;ABC per la prima infanzia;8PJA1LAKZQ41ETN0;CIVIDALE DEL FRIULI;Via Udine;Attivo;8;33043;Attivo;4.3 Cividale;8|CIVIDALE DEL FRIULI|Via Udine;Via Udine 8 CIVIDALE DEL FRIULI
2019/2020;18;Si;11;2;2;Si;Servizio integrativo;Servizio Integrativo;GWMLR3QCHXQ70V25;GRADISCA D'ISONZO;via Garibaldi;Attivo;8;34072;Attivo;2.1 Alto Isontino;8|GRADISCA D'ISONZO|via Garibaldi;via Garibaldi 8 GRADISCA D'ISONZO
2019/2020;29;Si;27;8;4;Si;Nido d'infanzia;Asilo Nido Consortile NIP;751YES0TCK113S34;MANIAGO;Via Venezia;Attivo;18/G;33085;Attivo;6.4 Maniago;18/G|MANIAGO|Via Venezia;Via Venezia 18/G MANIAGO
2019/2020;34;No;27;;5;Si;Nido d'infanzia;"Scuola Materna ""Maria Immacolata"" - Nido  Pollicino";ALY3447NEJOBFWAP;FIUME VENETO;Piazza E. Fermi;Attivo;10;33080;Attivo;6.3 Azzano Decimo;10|FIUME VENETO|Piazza E. Fermi;Piazza E. Fermi 10 FIUME VENETO
2019/2020;40;Si;40;10;4;Si;Nido d'infanzia;L'Aquilone;WIINO4XKWXM275XX;RONCHI DEI LEGIONARI;via Stagni;Attivo;5;34077;Attivo;2.2 Basso Isontino;5|RONCHI DEI LEGIONARI|via Stagni;via Stagni 5 RONCHI DEI LEGIONARI
2019/2020;22;No;22;;3;Si;Nido d'infanzia;Nido La torre delle Favole;N6V3A4OWB0Q3ULWL;TRIESTE;San Francesco d'Assisi;Attivo;15;34133;Attivo;1.2 Trieste;15|TRIESTE|San Francesco d'Assisi;San Francesco d'Assisi 15 TRIESTE
2019/2020;13;No;14;;2;Si;Nido d'infanzia;"""Mondo Incantato""";T8O92BMDPFKUAI12;TRIESTE;Battisti;Attivo;5;34125;Attivo;1.2 Trieste;5|TRIESTE|Battisti;Battisti 5 TRIESTE
2019/2020;24;Si;22;2;2;Si;Nido d'infanzia;Nido d'infanzia Arca di Noè;HUP9182VLM5LTO0Z;LATISANA;Via D. Manin 33  (fr. Gorgo);Attivo;33;33053;Attivo;5.2 Latisana;33|LATISANA|Via D. Manin 33  (fr. Gorgo);Via D. Manin 33  (fr. Gorgo) 33 LATISANA
2019/2020;66;Si;62;79;6;Si;Nido d'infanzia;"Nido d'Infanzia ""Acquerello""";VX6JYP4EXFRRXSYG;TRIESTE;Puccini;Attivo;46;34148;Attivo;1.2 Trieste;46|TRIESTE|Puccini;Puccini 46 TRIESTE
2019/2020;24;No;8;;;No;Nido d'infanzia;"Nido integrato ""Erminia Linda""";FCRI8LG14IY69I0T;UDINE;Via Mistruzzi;Attivo;19;33100;Attivo;4.5 Udine;19|UDINE|Via Mistruzzi;Via Mistruzzi 19 UDINE
2019/2020;14;Si;14;2;;No;Nido d'infanzia;"Nido integrato ""Paola di Rosa""";6D4FGRMYT88LXPYV;UDINE;via molin nuovo 5 paderno;Attivo;5;33100;Attivo;4.5 Udine;5|UDINE|via molin nuovo 5 paderno;via molin nuovo 5 paderno 5 UDINE
2019/2020;30;No;30;;2;Si;Nido d'infanzia;Asilo nido Filippo Renati;SZDGTVIX9F3B3281;UDINE;Via S. Valentino ;Attivo;23/25;33100;Attivo;4.5 Udine;23/25|UDINE|Via S. Valentino ;Via S. Valentino  23/25 UDINE
2019/2020;66;Si;66;52;6;Si;Nido d'infanzia;"Nido integrato alla Scuola dell'Infanzia ""Colibrì""";RZ8FOSVTSGHALE8Y;TRIESTE;Curiel;Attivo;2;34148;Attivo;1.2 Trieste;2|TRIESTE|Curiel;Curiel 2 TRIESTE
2019/2020;33;Si;33;24;3;Si;Nido d'infanzia;"Nido d'Infanzia ""Elmer""";Z280C6CO7TCVO4H8;TRIESTE;Archi;Attivo;4;34142;Attivo;1.2 Trieste;4|TRIESTE|Archi;Archi 4 TRIESTE
2019/2020;23;Si;23;27;2;Si;Nido d'infanzia;"Nido d'infanzia ""Filastrocca""";WSDJ8WWT4PUYWJK8;TRIESTE;Valmaura;Attivo;69/a;34148;Attivo;1.2 Trieste;69/a|TRIESTE|Valmaura;Valmaura 69/a TRIESTE
2019/2020;44;Si;44;65;4;Si;Nido d'infanzia;"Nido d'Infanzia ""Frutti di Bosco""";AKW3WCJO6H5D1FN4;TRIESTE;della Pineta;Attivo;1;34151;Attivo;1.2 Trieste;1|TRIESTE|della Pineta;della Pineta 1 TRIESTE
2019/2020;8;No;8;;;No;Servizio integrativo;Servizio educativo domiciliare Ciccibum;ANVM0OVQ9596I75N;TRIESTE;San Francesco d'Assisi;Attivo;34;34133;Attivo;1.2 Trieste;34|TRIESTE|San Francesco d'Assisi;San Francesco d'Assisi 34 TRIESTE
2019/2020;8;No;10;;;No;Servizio integrativo;"Servizio educativo domiciliare ""Come d' incanto""";002ATCFD7NRNE97U;FOGLIANO REDIPUGLIA;Via Terra Rossa ;Attivo;40;34070;Attivo;2.2 Basso Isontino;40|FOGLIANO REDIPUGLIA|Via Terra Rossa ;Via Terra Rossa  40 FOGLIANO REDIPUGLIA
2019/2020;44;Si;44;88;4;Si;Nido d'infanzia;"Nido d'Infanzia ""il Bosco Magico""";QKR8KXL0ZB628UT0;TRIESTE;Valdoni;Attivo;1;34149;Attivo;1.2 Trieste;1|TRIESTE|Valdoni;Valdoni 1 TRIESTE
2019/2020;23;Si;23;51;3;Si;Nido d'infanzia;"Nido d'Infanzia ""L'Isola Felice""";AJ9ZL8J7FWRWZVTH;TRIESTE;Largo Niccolini;Attivo;5;34129;Attivo;1.2 Trieste;5|TRIESTE|Largo Niccolini;Largo Niccolini 5 TRIESTE
2019/2020;44;Si;44;148;4;Si;Nido d'infanzia;"Nido d'Infanzia ""La Barchetta""";F4L902YE5DIPPFP2;TRIESTE;Manzoni;Attivo;10;34138;Attivo;1.2 Trieste;10|TRIESTE|Manzoni;Manzoni 10 TRIESTE
2019/2020;31;Si;31;43;4;Si;Nido d'infanzia;"Nido d'Infanzia ""La Mongolfiera""";VZNQN3UT4B8G6C4G;TRIESTE;Tigor;Attivo;24;34124;Attivo;1.2 Trieste;24|TRIESTE|Tigor;Tigor 24 TRIESTE
2019/2020;17;Si;17;37;4;Si;Nido d'infanzia;"Nido d'Infanzia ""La Nuvola""";96G6U9F4PA2FQJNF;TRIESTE;Paolo Veronese;Attivo;14;34131;Attivo;1.2 Trieste;14|TRIESTE|Paolo Veronese;Paolo Veronese 14 TRIESTE
2019/2020;30;Si;30;20;;No;Nido d'infanzia;"Scuola di Infanzia Paritaria e Nido di Infanzia ""San Giovanni Bosco"" di Cavolano";HSGBEPZ6ZEDIRAVD;SACILE;Strada Campagne ;Attivo;2;33077;Attivo;6.1 Sacile;2|SACILE|Strada Campagne ;Strada Campagne  2 SACILE
2019/2020;35;Si;35;73;3;Si;Nido d'infanzia;"Nido Aziendale del Comune di Trieste ""Lunallegra""";8ZEP50X7V9M5YGHM;TRIESTE;Tigor;Attivo;24;34124;Attivo;1.2 Trieste;24|TRIESTE|Tigor;Tigor 24 TRIESTE
2019/2020;55;Si;49;58;5;Si;Nido d'infanzia;"Nido d'Infanzia ""Piccoli Passi""";2QA3ORWQNJ2RVLV2;TRIESTE;Frescobaldi;Attivo;35;34148;Attivo;1.2 Trieste;35|TRIESTE|Frescobaldi;Frescobaldi 35 TRIESTE
2019/2020;27;Si;24;3;2;Si;Nido d'infanzia;"Nido integrato alla Scuola dell'Infanzia ""Primi Amici""";EO7GTZ85WR139080;TRIESTE;San Nazario;Attivo;73;34017;Attivo;1.2 Trieste;73|TRIESTE|San Nazario;San Nazario 73 TRIESTE
2019/2020;58;Si;56;52;5;Si;Nido d'infanzia;"Nido d'Infanzia ""Tuttibimbi""";YVCEIAUSITQNC9M2;TRIESTE;di Caboro;Attivo;2;34121;Attivo;1.2 Trieste;2|TRIESTE|di Caboro;di Caboro 2 TRIESTE
2019/2020;66;Si;66;122;6;Si;Nido d'infanzia;"Nido d'Infanzia ""Semidimela""";N8BVYA2ZRBZTRAJQ;TRIESTE;Paolo Veronese;Attivo;14;34144;Attivo;1.2 Trieste;14|TRIESTE|Paolo Veronese;Paolo Veronese 14 TRIESTE
2019/2020;44;Si;44;78;4;Si;Nido d'infanzia;"Nido d'Infanzia ""Verdenido""";D2BV3I1QXTSZ8YPQ;TRIESTE;Commerciale;Attivo;164;34134;Attivo;1.2 Trieste;164|TRIESTE|Commerciale;Commerciale 164 TRIESTE
2019/2020;44;Si;44;101;4;Si;Nido d'infanzia;"Nido d'Infanzia ""Zuccherofilato""";MGAZSF321QG9X2MH;TRIESTE;Vicolo dell'Edera;Attivo;1;34127;Attivo;1.2 Trieste;1|TRIESTE|Vicolo dell'Edera;Vicolo dell'Edera 1 TRIESTE
2019/2020;21;No;0;;;No;Nido d'infanzia;BABY DOC di Boschian-Bailo Eleonora;7YYJNF6S6SW0DZX8;CORMONS;Via Cancelleria vecchia;Attivo;5/bis-A;34071;Attivo;2.1 Alto Isontino;5/bis-A|CORMONS|Via Cancelleria vecchia;Via Cancelleria vecchia 5/bis-A CORMONS
2019/2020;5;No;4;;;No;Servizio integrativo;Nido familiare I colori del sole;PC6VP1AIQJ44X3ZD;AZZANO DECIMO;VIA COMUGNE DI SOPRA ;Attivo;51;33082;Attivo;6.3 Azzano Decimo;51|AZZANO DECIMO|VIA COMUGNE DI SOPRA ;VIA COMUGNE DI SOPRA  51 AZZANO DECIMO
2019/2020;8;Si;7;2;;No;Servizio integrativo;"Servizio Integrativo ""di via Curiel""";2Q39MAEO1MUHHN2F;TRIESTE;Curiel;Attivo;2;34148;Attivo;1.2 Trieste;2|TRIESTE|Curiel;Curiel 2 TRIESTE
2019/2020;56;No;43;;;No;Nido d'infanzia;Nido d'infanzia Mà-pà-mondo;1S4N5QJXJYCTXPTF;TAVAGNACCO;Via Centrale, 69;Attivo;69;33010;Attivo;4.5 Udine;69|TAVAGNACCO|Via Centrale, 69;Via Centrale, 69 69 TAVAGNACCO
2019/2020;44;Si;44;29;4;Si;Nido d'infanzia;"Nido d'infanzia ""Scarabocchio""";QHE2WINU9LVD12PQ;TRIESTE;Valmaura;Attivo;69/a;34148;Attivo;1.2 Trieste;69/a|TRIESTE|Valmaura;Valmaura 69/a TRIESTE
2019/2020;36;Si;29;14;;No;Nido d'infanzia;Nido Comunale Bruco Nido;V3L1ORVYQVCUCZK6;TAVAGNACCO;Via Battisti - frazione Colugna;Attivo;17/A;33010;Attivo;4.5 Udine;17/A|TAVAGNACCO|Via Battisti - frazione Colugna;Via Battisti - frazione Colugna 17/A TAVAGNACCO
2019/2020;21;No;21;;;No;Nido d'infanzia;Pinokkio;UKYNK6EJW4OVGMBF;CORDENONS;Via Raffin;Attivo;1;33084;Attivo;6.5 Pordenone;1|CORDENONS|Via Raffin;Via Raffin 1 CORDENONS
2019/2020;33;Si;30;3;3;Si;Nido d'infanzia;La tua casetta magica;DZPUOCM4M1VH2UFG;CASARSA DELLA DELIZIA;Viale Rimembranza, 41;Attivo;41;33072;Attivo;6.2 San Vito al Tagliamento;41|CASARSA DELLA DELIZIA|Viale Rimembranza, 41;Viale Rimembranza, 41 41 CASARSA DELLA DELIZIA
2019/2020;5;No;6;;;No;Servizio integrativo;Stella stellina - Nidi Familiari La Gerla;HEVEJEA1Z6T2UKT3;TRICESIMO;Via Ippolito Nievo ;Attivo;34;33019;Attivo;4.2 Tarcento;34|TRICESIMO|Via Ippolito Nievo ;Via Ippolito Nievo  34 TRICESIMO
2019/2020;54;No;56;;6;Si;Nido d'infanzia;"Nido d'Infanzia ""I Cuccioli"" di Villa Geiringer";Z0HFKRE3NX8F3DCA;TRIESTE;Ovidio;Attivo;4/9;34134;Attivo;1.2 Trieste;4/9|TRIESTE|Ovidio;Ovidio 4/9 TRIESTE
2019/2020;16;Si;15;2;;No;Servizio sperimentale;Micronido Tata Titti di Quintieri Tiziana - APS Uno per tutti Tutti per Uno;2W8IKH7YO761N8OG;UDINE;Via Monte San Marco ;Attivo;30/1;33100;Inattivo;4.5 Udine;30/1|UDINE|Via Monte San Marco ;Via Monte San Marco  30/1 UDINE
2019/2020;25;No;20;;2;Si;Nido d'infanzia;"Nido integrato ""G. Sabbatini""";EQG7PHTCYWBS0QXJ;POZZUOLO DEL FRIULI;Via del Mercato ;Attivo;15;33050;Attivo;4.5 Udine;15|POZZUOLO DEL FRIULI|Via del Mercato ;Via del Mercato  15 POZZUOLO DEL FRIULI
2019/2020;26;Si;26;12;2;Si;Nido d'infanzia;"Nido d'Infanzia aziendale Allianz S.p.a. ""Il Futuro Siamo Noi""";YKGIF2AMKD8CTQML;TRIESTE;Maestri del Lavoro;Attivo;12;34123;Attivo;1.2 Trieste;12|TRIESTE|Maestri del Lavoro;Maestri del Lavoro 12 TRIESTE
2019/2020;25;No;24;;;No;Nido d'infanzia;Asilo nido Ipponido;S03Q0W7VTWSGJTHN;TAVAGNACCO;Via Alpe Adria ;Attivo;6;33010;Attivo;4.5 Udine;6|TAVAGNACCO|Via Alpe Adria ;Via Alpe Adria  6 TAVAGNACCO
2019/2020;40;Si;40;4;;No;Nido d'infanzia;La tana dei cuccioli;JOSFARU89KOL08SX;MONFALCONE;via C. Cosulich;Attivo;43;34074;Attivo;2.2 Basso Isontino;43|MONFALCONE|via C. Cosulich;via C. Cosulich 43 MONFALCONE
2019/2020;20;No;10;;;No;Servizio integrativo;ANGHINGHO';POVTN809JDPYBQMY;MONFALCONE;via Tagliamento;Attivo;24;34074;Attivo;2.2 Basso Isontino;24|MONFALCONE|via Tagliamento;via Tagliamento 24 MONFALCONE
2019/2020;15;No;0;;;No;Servizio integrativo;Centro bambini e genitori A piccoli passi con mamma e papà;8RHIN2RI0R8TWXUI;MONFALCONE;via C. Cosulich;Attivo;43;34074;Attivo;2.2 Basso Isontino;43|MONFALCONE|via C. Cosulich;via C. Cosulich 43 MONFALCONE
2019/2020;14;No;0;;;No;Servizio integrativo;CIAOMAMMAPAPA';4CVED8QVLPTE73MW;MONFALCONE;via Tagliamento;Attivo;24;34074;Attivo;2.2 Basso Isontino;24|MONFALCONE|via Tagliamento;via Tagliamento 24 MONFALCONE
2019/2020;21;No;0;;;No;Nido d'infanzia;Nido integrato Maria Bambina;PZAKQZ2BWUGB4R7D;FAGAGNA;VICOLO DEI NIGRIS;Attivo;5;33034;Attivo;4.1 San Daniele del Friuli;5|FAGAGNA|VICOLO DEI NIGRIS;VICOLO DEI NIGRIS 5 FAGAGNA
2019/2020;15;No;14;;;No;Servizio integrativo;"Servizio Integrativo ""Lo Scoiattolo mattina""";YC4Q0DWRBTQ9W0IC;TRIESTE;Manzoni;Attivo;10;34138;Attivo;1.2 Trieste;10|TRIESTE|Manzoni;Manzoni 10 TRIESTE
2019/2020;7;No;6;;;No;Servizio integrativo;"Servizio Integrativo ""Lo Scoiattolo pomeriggio""";2ZJFN285K1OMQRJS;TRIESTE;Manzoni;Attivo;10;34138;Attivo;1.2 Trieste;10|TRIESTE|Manzoni;Manzoni 10 TRIESTE
2019/2020;5;No;0;;;No;Servizio integrativo;SED Les Petits Poissons;Q8L80WSCSRFI79SD;TRIESTE;Cesare Battisti;Attivo;12;34123;Attivo;1.2 Trieste;12|TRIESTE|Cesare Battisti;Cesare Battisti 12 TRIESTE
2019/2020;5;No;4;;;No;Servizio integrativo;La tana degli Orsetti - Nido Familiare la Gerla;YLPIA1UUVG52CZ0H;UDINE;via Lauzacco ;Attivo;17/c;33100;Attivo;4.5 Udine;17/c|UDINE|via Lauzacco ;via Lauzacco  17/c UDINE
2019/2020;30;Si;30;15;4;Si;Nido d'infanzia;"Nido ""La Casetta""";EJOGA0YUXL6POG05;TRIESTE;Besenghi;Attivo;27;34143;Attivo;1.2 Trieste;27|TRIESTE|Besenghi;Besenghi 27 TRIESTE
2019/2020;21;No;6;;3;Si;Nido d'infanzia;"Nido integrato Scuola d'infanzia ""Paola di Rosa""";OOSD1GD8LIUXYS2A;ARTA TERME;Via Fontana ;Attivo;21;33022;Attivo;3.2 Carnia;21|ARTA TERME|Via Fontana ;Via Fontana  21 ARTA TERME
2019/2020;26;No;22;;5;Si;Nido d'infanzia;Nido Giocomagico;1Z4HGGI27XUAV2Z6;PRATA DI PORDENONE;via San Simone;Attivo;2;33080;Attivo;6.3 Azzano Decimo;2|PRATA DI PORDENONE|via San Simone;via San Simone 2 PRATA DI PORDENONE
2019/2020;18;No;18;;2;Si;Nido d'infanzia;"Nido Integrato ""San Marco""";003MKX1Z3MYIQ0DQ;UDINE;VIA MONTE ORTIGARA ;Attivo;24;33100;Attivo;4.5 Udine;24|UDINE|VIA MONTE ORTIGARA ;VIA MONTE ORTIGARA  24 UDINE
2019/2020;14;No;14;;2;Si;Nido d'infanzia;Melarancia Porcia;IMMY92HG3PY4JA79;PORCIA;Via Correr ;Attivo;59;33080;Attivo;6.5 Pordenone;59|PORCIA|Via Correr ;Via Correr  59 PORCIA
2019/2020;43;No;25;;6;Si;Nido d'infanzia;Nido d'infanzia Il Cucciolo;DHDQN700XXXA1F8U;TARVISIO;Via Vittorio Veneto;Attivo;46;33018;Attivo;3.1 Gemonese;46|TARVISIO|Via Vittorio Veneto;Via Vittorio Veneto 46 TARVISIO
2019/2020;46;No;29;;6;Si;Nido d'infanzia;"Asilo nido ""Fantàsia""";O6541T1AZ8P52IF3;SAGRADO;via del Poligono;Attivo;1;34078;Attivo;2.2 Basso Isontino;1|SAGRADO|via del Poligono;via del Poligono 1 SAGRADO
2019/2020;14;No;14;;;No;Servizio integrativo;Tempo per la famiglia;KZ8TJMJXCYEOU6XV;MUZZANA DEL TURGNANO;Vicolo di Sopra;Attivo;11;33055;Attivo;5.2 Latisana;11|MUZZANA DEL TURGNANO|Vicolo di Sopra;Vicolo di Sopra 11 MUZZANA DEL TURGNANO
2019/2020;22;No;16;;;No;Servizio integrativo;Tempo per la famiglia;4D2ZQNVYYOWPHGI9;POCENIA;Via Trieste 39 (Torsa di Pocenia);Attivo;;33050;Attivo;5.2 Latisana;|POCENIA|Via Trieste 39 (Torsa di Pocenia);Via Trieste 39 (Torsa di Pocenia)  POCENIA
2019/2020;10;No;8;;;No;Servizio integrativo;Tempo per la famiglia;075L178P0LYB8L8W;MARANO LAGUNARE;Via Ugo Foscolo 3;Attivo;;33050;Attivo;5.2 Latisana;|MARANO LAGUNARE|Via Ugo Foscolo 3;Via Ugo Foscolo 3  MARANO LAGUNARE
2019/2020;22;No;10;;;No;Servizio integrativo;Tempo per la famiglia;1AI30O9CN7LB3X4K;LATISANA;Via D.Manin;Attivo;33;33053;Attivo;5.2 Latisana;33|LATISANA|Via D.Manin;Via D.Manin 33 LATISANA
2019/2020;17;No;17;;2;Si;Nido d'infanzia;Asilo nido le Aiuole;0C38KBRJKTQ6ETT4;TRIESTE;Via delle aiuole;Attivo;4;34141;Attivo;1.2 Trieste;4|TRIESTE|Via delle aiuole;Via delle aiuole 4 TRIESTE
2019/2020;31;No;20;;;No;Nido d'infanzia;Nido Integrato Immacolata;RPNGJZBETSBB5SH4;BRUGNERA;Via Beata A. Maria Adorni;Attivo;1;33070;Attivo;6.1 Sacile;1|BRUGNERA|Via Beata A. Maria Adorni;Via Beata A. Maria Adorni 1 BRUGNERA
2019/2020;7;No;8;;;No;Servizio integrativo;Gli amici di winnie pooh;FANFH6XE2NO6NCU8;CORDOVADO;Via suzzolins ;Attivo;23;33073;Attivo;6.2 San Vito al Tagliamento;23|CORDOVADO|Via suzzolins ;Via suzzolins  23 CORDOVADO
2019/2020;24;No;20;;3;Si;Nido d'infanzia;"Nido d'Infanzia Aziendale ""La Sissa dei Piccoli""";XOCJMHXAWPV7KP97;TRIESTE;Bonomea;Attivo;265;34136;Attivo;1.2 Trieste;265|TRIESTE|Bonomea;Bonomea 265 TRIESTE
2019/2020;30;No;28;;2;Si;Nido d'infanzia;Asilo nido Rosa e Azzurro;4XF6H8Z5J0TOUITA;UDINE;Via Mantova ;Attivo;13;33100;Attivo;4.5 Udine;13|UDINE|Via Mantova ;Via Mantova  13 UDINE
2019/2020;5;No;4;;;No;Servizio integrativo;La casa di Tippete;VNWW9CTZH5U6GZZ0;TAVAGNACCO;via Florio;Attivo;2;33010;Attivo;4.5 Udine;2|TAVAGNACCO|via Florio;via Florio 2 TAVAGNACCO
2019/2020;8;No;8;;1;Si;Nido d'infanzia;Fantasilandia;UHFYBDB2GKTHIDX0;MOSSA;Via XXIV Maggio ;Attivo;53 ;34070;Attivo;2.1 Alto Isontino;53 |MOSSA|Via XXIV Maggio ;Via XXIV Maggio  53  MOSSA
2019/2020;24;No;18;;3;Si;Nido d'infanzia;Bimbincitta';S9W03ZRZZWMM5N16;GORIZIA;Corso G. Verdi;Attivo;16;34170;Attivo;2.1 Alto Isontino;16|GORIZIA|Corso G. Verdi;Corso G. Verdi 16 GORIZIA
2019/2020;69;Si;65;19;9;Si;Nido d'infanzia;Il Nuovo Guscio;UW5Z0B22V13N915D;TRIESTE;Via delle Monache;Attivo;3;34121;Attivo;1.2 Trieste;3|TRIESTE|Via delle Monache;Via delle Monache 3 TRIESTE
2019/2020;5;Si;6;3;;No;Servizio integrativo;Miki Poppins - Nidi Familiari La Gerla;V8R6KGPQSLHEN10U;GEMONA DEL FRIULI;VIA GOIS;Attivo;5;33013;Attivo;3.1 Gemonese;5|GEMONA DEL FRIULI|VIA GOIS;VIA GOIS 5 GEMONA DEL FRIULI
2019/2020;26;Si;21;3;;No;Servizio integrativo;Il Sole - Spazio Gioco;TNVF2QCUR02IC6WW;PORCIA;Calle del Carbon;Attivo;2;33080;Attivo;6.5 Pordenone;2|PORCIA|Calle del Carbon;Calle del Carbon 2 PORCIA
2019/2020;23;Si;22;0;2;Si;Nido d'infanzia;Nido Integrato alla Scuola Materna Paritaria Vincenzo Favetti;AG0KCX2ODHGU5ZPM;ZOPPOLA;Via Favetti ;Attivo;7;33080;Attivo;6.5 Pordenone;7|ZOPPOLA|Via Favetti ;Via Favetti  7 ZOPPOLA
2019/2020;39;No;26;;5;Si;Nido d'infanzia;Il giardino incantato;UW8EHW3Q1A842G8C;GORIZIA;via del Pasubio;Attivo;8;34170;Attivo;2.1 Alto Isontino;8|GORIZIA|via del Pasubio;via del Pasubio 8 GORIZIA
2019/2020;8;No;9;;;No;Servizio integrativo;La tribu' dei cuccioli;ZWKE8DPEFBT61P2B;UDINE;Via Basiliano;Attivo;39/2;33037;Attivo;4.5 Udine;39/2|UDINE|Via Basiliano;Via Basiliano 39/2 UDINE
2019/2020;15;Si;14;1;1;Si;Nido d'infanzia;"Nido integrato alla scuola materna ""Maria Immacolata""";ABHDFTQLET6SJQKF;POVOLETTO;P.zza L. Ciani - Localtà Savorgnano al Torre;Attivo;11;33040;Attivo;4.2 Tarcento;11|POVOLETTO|P.zza L. Ciani - Localtà Savorgnano al Torre;P.zza L. Ciani - Localtà Savorgnano al Torre 11 POVOLETTO
2019/2020;21;Si;21;5;1;No;Nido d'infanzia;Asilo Nido Elena Morozzo della Rocca;U4CJU874GJLMHIWI;BRUGNERA;Via Santa Margherita ;Attivo;23;33070;Attivo;6.1 Sacile;23|BRUGNERA|Via Santa Margherita ;Via Santa Margherita  23 BRUGNERA
2019/2020;25;No;25;;;No;Nido d'infanzia;Nido la Coccinella d'Oro;Z8Q1R1KP9MMO9A39;SAN DORLIGO DELLA VALLE;Località Mattonaia;Attivo;464;34018;Attivo;1.3 Muggia - San Dorligo;464|SAN DORLIGO DELLA VALLE|Località Mattonaia;Località Mattonaia 464 SAN DORLIGO DELLA VALLE
2019/2020;44;Si;32;5;4;Si;Nido d'infanzia;Stella del Mare;XGK0W5U3UO2TOTOE;LIGNANO SABBIADORO;Via S. Giuliano 3/a;Attivo;;33054;Attivo;5.2 Latisana;|LIGNANO SABBIADORO|Via S. Giuliano 3/a;Via S. Giuliano 3/a  LIGNANO SABBIADORO
2019/2020;15;No;6;;;No;Servizio integrativo;Gioca Bimbi;C800A3AVL6GVTB5F;LIGNANO SABBIADORO;"Via S.Giuliano 3/a c.o. Nido ""Stella del Mare""";Attivo;;33054;Attivo;5.2 Latisana;"|LIGNANO SABBIADORO|Via S.Giuliano 3/a c.o. Nido ""Stella del Mare""";"Via S.Giuliano 3/a c.o. Nido ""Stella del Mare""  LIGNANO SABBIADORO"
2019/2020;56;No;48;;7;Si;Nido d'infanzia;Nido D'infanzia Il Gabbiano;LKWBTGWU09UP9BU8;MORUZZO;Via Divisione Julia 7;Attivo;7;33030;Attivo;4.1 San Daniele del Friuli;7|MORUZZO|Via Divisione Julia 7;Via Divisione Julia 7 7 MORUZZO
2019/2020;5;No;8;;;No;Servizio integrativo;Nido familiare CLAUDIA;7PIS7VHCQO3KSETU;TURRIACO;Obedan 81;Attivo;81;34070;Attivo;2.2 Basso Isontino;81|TURRIACO|Obedan 81;Obedan 81 81 TURRIACO
2019/2020;28;Si;14;0;;No;Nido d'infanzia;"Nido integrato ""Cucuc""";M27LK6Z16NK1QIWM;GEMONA DEL FRIULI;Via Ippolito Nievo (fr. Ospedaletto);Attivo;14;33013;Attivo;3.1 Gemonese;14|GEMONA DEL FRIULI|Via Ippolito Nievo (fr. Ospedaletto);Via Ippolito Nievo (fr. Ospedaletto) 14 GEMONA DEL FRIULI
2019/2020;51;Si;48;22;1;Si;Nido d'infanzia;Arcobaleno Nicholas Green ;ILP1WD7W9D9CW7TG;SACILE;Via Chiaradia;Attivo;11;33077;Attivo;6.1 Sacile;11|SACILE|Via Chiaradia;Via Chiaradia 11 SACILE
2019/2020;38;No;35;;5;Si;Nido d'infanzia;Nido Piccoli Principi;OQ43OFZLB95XA2S8;UDINE;via Sabotino;Attivo;2;33100;Attivo;4.5 Udine;2|UDINE|via Sabotino;via Sabotino 2 UDINE
2019/2020;8;No;8;;;No;Servizio integrativo;La culla dei sogni - Nido familiare (Ass. La Gerla nidi familiari - Tagesmutter);6BK4A17I1JYVK6EJ;LATISANA;Via Forte 32/4;Attivo;;33053;Attivo;5.2 Latisana;|LATISANA|Via Forte 32/4;Via Forte 32/4  LATISANA
2019/2020;5;Si;5;0;;No;Servizio integrativo;Piccini picciò;CF4B96X5KX5XKHEP;MARTIGNACCO;Via Plaino ;Attivo;36/A;33035;Attivo;4.5 Udine;36/A|MARTIGNACCO|Via Plaino ;Via Plaino  36/A MARTIGNACCO
2019/2020;26;No;20;;3;Si;Nido d'infanzia;"Nido d'infanzia ""Il delfino""";3NN5WQO846L06NQG;BAGNARIA ARSA;Via F. Corridoni;Attivo;5;33050;Attivo;5.1 Cervignano;5|BAGNARIA ARSA|Via F. Corridoni;Via F. Corridoni 5 BAGNARIA ARSA
2019/2020;46;No;46;;;No;Nido d'infanzia;"Nido d'infanzia ""La libellula""";ICH3KW8AJGEPCY58;GONARS;Via Nazario Sauro (fr. Fauglis);Attivo;13;33050;Attivo;5.1 Cervignano;13|GONARS|Via Nazario Sauro (fr. Fauglis);Via Nazario Sauro (fr. Fauglis) 13 GONARS
2019/2020;20;No;20;;;No;Nido d'infanzia;Santa Lucia - Rorai;RNTKFXMLJFZNHKWG;PORDENONE;Via Asilo di Rorai ;Attivo;3;33170;Attivo;6.5 Pordenone;3|PORDENONE|Via Asilo di Rorai ;Via Asilo di Rorai  3 PORDENONE
2019/2020;8;Si;8;6;;No;Servizio integrativo;"Nido familiare ""Il Nido"" di Buzzi Antonella";ZV8ZYQCM44NJ9818;BUIA;salita Colle Baldo;Attivo;13;33030;Attivo;4.1 San Daniele del Friuli;13|BUIA|salita Colle Baldo;salita Colle Baldo 13 BUIA
2019/2020;15;No;10;;;No;Servizio integrativo;"Punto gioco ""Ape Maia"" (c/o Asilo Nido Comunale Arcobaleno Nicholas Green)";ONJAUW21FYMS4U7Q;SACILE;Via Chiaradia;Attivo;11;33077;Attivo;6.1 Sacile;11|SACILE|Via Chiaradia;Via Chiaradia 11 SACILE
2019/2020;33;No;28;;3;Si;Nido d'infanzia;Nido d'Infanzia RossoGialloBlu;QRVWCWXF4I96ZULP;AVIANO;Via de Zan ;Attivo;22/B;33081;Attivo;6.1 Sacile;22/B|AVIANO|Via de Zan ;Via de Zan  22/B AVIANO
2019/2020;30;No;28;;;No;Nido d'infanzia;Nido d'Infanzia La Margherita - Varmo;25OO7XDWPDW2M2KU;VARMO;Via P. Amalteo 2;Attivo;2;33030;Attivo;4.4 Codroipo;2|VARMO|Via P. Amalteo 2;Via P. Amalteo 2 2 VARMO
2019/2020;34;No;35;;;No;Nido d'infanzia;FarfaBruco;LBVGYVLF8IDFHRB7;PORDENONE;Viale Treviso;Attivo;4 b;33170;Attivo;6.5 Pordenone;4 b|PORDENONE|Viale Treviso;Viale Treviso 4 b PORDENONE
2019/2020;32;Si;32;18;4;Si;Nido d'infanzia;"Nido ""I Cuccioli del Leone""";8IABAVOS6PBKWT94;TRIESTE;Porto Franco Vecchio - Molo IV;Attivo;IV;34132;Attivo;1.2 Trieste;IV|TRIESTE|Porto Franco Vecchio - Molo IV;Porto Franco Vecchio - Molo IV IV TRIESTE
2019/2020;29;Si;28;6;4;Si;Nido d'infanzia;Nido L'Arca;RVC580DCQK86M9PC;MUGGIA;viale XXV Aprile;Attivo;1;34015;Attivo;1.3 Muggia - San Dorligo;1|MUGGIA|viale XXV Aprile;viale XXV Aprile 1 MUGGIA
2019/2020;55;Si;57;3;5;Si;Nido d'infanzia;"Nido d'infanzia""Donata Iacchia""";NIG1F6ANW5C41O5V;MUGGIA;D'Annunzio;Attivo;12;34015;Attivo;1.3 Muggia - San Dorligo;12|MUGGIA|D'Annunzio;D'Annunzio 12 MUGGIA
2019/2020;54;Si;54;12;;No;Nido d'infanzia;"Nido d'infanzia ""Dire, Fare, Giocare""";7OLRZTM7P8FEUZ6S;UDINE;Via della Roggia 48;Attivo;;33100;Attivo;4.5 Udine;|UDINE|Via della Roggia 48;Via della Roggia 48  UDINE
2019/2020;60;No;43;;8;Si;Nido d'infanzia;Melarancia Pordenone;PTP0MLL3UVQSEJCK;PORDENONE;Via Montecavallo;Attivo;3;33170;Attivo;6.5 Pordenone;3|PORDENONE|Via Montecavallo;Via Montecavallo 3 PORDENONE
2019/2020;23;Si;22;2;;No;Nido d'infanzia;"""La casa dei sogni di Joy e Roy""";O49GDQI6S6QOAK7D;ARTEGNA;via Villa, 127/8;Attivo;127/8;33011;Attivo;3.1 Gemonese;127/8|ARTEGNA|via Villa, 127/8;via Villa, 127/8 127/8 ARTEGNA
2019/2020;;;;;;;Nido d'infanzia;Melarancia: un posto per giocare ;BVHBUC6JMKJJ37P7;CHIONS;Piazza IV Novembre (loc. Taiedo) ;Attivo;4;33083;Inattivo;6.3 Azzano Decimo;4|CHIONS|Piazza IV Novembre (loc. Taiedo) ;Piazza IV Novembre (loc. Taiedo)  4 CHIONS
2019/2020;8;No;15;;;No;Servizio integrativo;Happy family;2U11PY5QCI5CZGA1;UDINE;via F. di Toppo;Attivo;14;33010;Attivo;4.5 Udine;14|UDINE|via F. di Toppo;via F. di Toppo 14 UDINE
2019/2020;16;Si;14;5;;No;Servizio sperimentale;Micro Nido Fly Ark;1I9BMRSGMLVENA1N;STARANZANO;Via Carlo Collodi;Attivo;8;34079;Attivo;2.2 Basso Isontino;8|STARANZANO|Via Carlo Collodi;Via Carlo Collodi 8 STARANZANO
2019/2020;50;Si;50;13;;No;Nido d'infanzia;Sacheburache;503P0U1683DXWCNL;UDINE;Via Baldasseria Media 50;Attivo;;33100;Attivo;4.5 Udine;|UDINE|Via Baldasseria Media 50;Via Baldasseria Media 50  UDINE
2019/2020;15;No;9;;1;Si;Nido d'infanzia;"Asilo Nido ""La casetta degli orsetti""";KGZ1UBVVCZJMN856;PAGNACCO;Via G. Verdi ;Attivo;4;33010;Attivo;4.5 Udine;4|PAGNACCO|Via G. Verdi ;Via G. Verdi  4 PAGNACCO
2019/2020;55;Si;53;14;;No;Nido d'infanzia;Fantasia dei Bimbi;W73W6MI4ZCQFZUX7;UDINE;Via Diaz 20;Attivo;;33100;Attivo;4.5 Udine;|UDINE|Via Diaz 20;Via Diaz 20  UDINE
2019/2020;68;No;66;;8;Si;Nido d'infanzia;Nido Arcobaleno 1;7KUXP1HDATEZFG68;TRIESTE;Morpurgo;Attivo;7/2;34147;Attivo;1.2 Trieste;7/2|TRIESTE|Morpurgo;Morpurgo 7/2 TRIESTE
2019/2020;40;No;38;;5;Si;Nido d'infanzia;Nido Arcobaleno 2;4JVM3BXH4ZQW9DI3;TRIESTE;Morpurgo;Attivo;7/2;34147;Attivo;1.2 Trieste;7/2|TRIESTE|Morpurgo;Morpurgo 7/2 TRIESTE
2019/2020;55;Si;55;12;;No;Nido d'infanzia;Nido d'infanzia Cocolar;ZGMDTWJSBB1P1ERH;UDINE;Via Alba 27;Attivo;;33100;Attivo;4.5 Udine;|UDINE|Via Alba 27;Via Alba 27  UDINE
2019/2020;15;No;15;;;No;Servizio integrativo;"Centro Bambini e Genitori ""Un nido aperto per giocare"" presso nido comunale Cocolar";X4C3JIDVVPQWRMTT;UDINE;Via Alba 27;Attivo;;33100;Attivo;4.5 Udine;|UDINE|Via Alba 27;Via Alba 27  UDINE
2019/2020;24;Si;14;4;3;Si;Nido d'infanzia;La piuma magica;150KSEZ1LZB32KHO;UDINE;VIA PALESTRO ;Attivo;64;33100;Attivo;4.5 Udine;64|UDINE|VIA PALESTRO ;VIA PALESTRO  64 UDINE
2019/2020;8;No;11;;;No;Servizio integrativo;"Servizio educativo domiciliare  ""La Casetta""";5DQGNPT8AD2377HD;GORIZIA;via degli Scogli;Attivo;49/C;34170;Attivo;2.1 Alto Isontino;49/C|GORIZIA|via degli Scogli;via degli Scogli 49/C GORIZIA
2019/2020;18;No;14;;2;Si;Nido d'infanzia;Il Paese dei Balocchi;ZHBSGYI97SAZE0X3;BERTIOLO;Via V. Emanuele ;Attivo;16;33032;Attivo;4.4 Codroipo;16|BERTIOLO|Via V. Emanuele ;Via V. Emanuele  16 BERTIOLO
2019/2020;8;Si;9;7;;No;Servizio integrativo;"Servizio educativo domiciliare ""Casa dolce Casa""";HM71PX5GSVAYVRAA;SAN LORENZO ISONTINO;via Nazionale;Attivo;2;34070;Attivo;2.1 Alto Isontino;2|SAN LORENZO ISONTINO|via Nazionale;via Nazionale 2 SAN LORENZO ISONTINO
2019/2020;56;No;35;;7;Si;Nido d'infanzia;"Nido integrato ""Immacolata""";OCS66PC75R9CE12X;UDINE;Via Scrosoppi ;Attivo;17;33100;Attivo;4.5 Udine;17|UDINE|Via Scrosoppi ;Via Scrosoppi  17 UDINE
2019/2020;5;Si;5;0;3;Si;Servizio integrativo;Giochi&Coccole;FBS20W2SJQRQ6TZD;FIUME VENETO;Via Santa Caterina;Attivo;5;33080;Attivo;6.3 Azzano Decimo;5|FIUME VENETO|Via Santa Caterina;Via Santa Caterina 5 FIUME VENETO
2019/2020;14;No;22;;;No;Servizio integrativo;Spazio Gioco Pollicino;N6GF6Y40B32IL101;DUINO AURISINA;borgo s. Mauro;Attivo;124;34011;Attivo;1.1 Duino Aurisina;124|DUINO AURISINA|borgo s. Mauro;borgo s. Mauro 124 DUINO AURISINA
2019/2020;5;No;11;;;No;Servizio integrativo;A CASA DAI NONNI;B97U3W3WYR7VCIFW;GRADO;Riva Nino Bixio ;Attivo;4;34073;Attivo;2.2 Basso Isontino;4|GRADO|Riva Nino Bixio ;Riva Nino Bixio  4 GRADO
2019/2020;40;No;37;;;No;Nido d'infanzia;Asilo nido Fate e Folletti;XJ3I9940RP6N4VWB;REANA DEL ROJALE;Via XXIV Maggio ;Attivo;22;33010;Attivo;4.2 Tarcento;22|REANA DEL ROJALE|Via XXIV Maggio ;Via XXIV Maggio  22 REANA DEL ROJALE
2019/2020;43;Si;40;27;;No;Nido d'infanzia;L'Aquilone - Pordenone;8ONY23LXDY9FXGH4;PORDENONE;Via General Cantore;Attivo;9;33170;Attivo;6.5 Pordenone;9|PORDENONE|Via General Cantore;Via General Cantore 9 PORDENONE
2019/2020;8;No;8;;;No;Servizio integrativo;La casetta di Pepita ;UHDC57UYU46C6040;UDINE;via Albona 18/B;Attivo;;33100;Attivo;4.5 Udine;|UDINE|via Albona 18/B;via Albona 18/B  UDINE
2019/2020;21;No;22;;;No;Nido d'infanzia;Nido Magicabula;1Z8OIEIUVT4O24AT;CANEVA;Via G. Marconi ;Attivo;75;33070;Attivo;6.1 Sacile;75|CANEVA|Via G. Marconi ;Via G. Marconi  75 CANEVA
2019/2020;59;No;51;;;No;Nido d'infanzia;Asilo Nido L'Aquilone;PEAF6QLH3PSVOPKX;POLCENIGO;Piazza Maggiore ;Attivo;1;33070;Attivo;6.1 Sacile;1|POLCENIGO|Piazza Maggiore ;Piazza Maggiore  1 POLCENIGO
2019/2020;42;Si;40;8;4;Si;Nido d'infanzia;Nido d'Infanzia Cjase di Catine ;D3VSHE1U9WJ1VNKD;MANZANO;;Attivo;;;Attivo;4.3 Cividale;|MANZANO|;  MANZANO
2019/2020;5;No;6;;;No;Servizio integrativo;"Servizio Educativo Domiciliare ""Hoppipolla"" di Melotti";JTYBBX0EWHXRXY97;SEQUALS;via del cret ;Attivo;1;33090;Attivo;6.4 Maniago;1|SEQUALS|via del cret ;via del cret  1 SEQUALS
2019/2020;40;No;36;;5;Si;Nido d'infanzia;Asilo Nido Punto Gioco ;D5URE0RJNA560MYI;ROVEREDO IN PIANO;via Carducci;Attivo;17;33080;Attivo;6.5 Pordenone;17|ROVEREDO IN PIANO|via Carducci;via Carducci 17 ROVEREDO IN PIANO
2019/2020;17;No;0;;2;Si;Nido d'infanzia;Il Bruco 2;9SRZQZBMFYJK3WRS;TRIESTE;Via Cesare Battisti;Attivo;25;34125;Attivo;1.2 Trieste;25|TRIESTE|Via Cesare Battisti;Via Cesare Battisti 25 TRIESTE
2019/2020;32;No;24;;4;Si;Nido d'infanzia;Il Paese dei Balocchi;0V9VC1N4ZE7QDYU0;UDINE;Via Lavariano ;Attivo;4;33100;Attivo;4.5 Udine;4|UDINE|Via Lavariano ;Via Lavariano  4 UDINE
2019/2020;24;No;21;;3;Si;Nido d'infanzia;Il Paese dei Balocchi;VK7RNPQR1T20QVL4;POVOLETTO;Via Divisione Julia;Attivo;27;33077;Attivo;4.2 Tarcento;27|POVOLETTO|Via Divisione Julia;Via Divisione Julia 27 POVOLETTO
2019/2020;64;No;46;;8;Si;Nido d'infanzia;Asilo nido Cecilia - nido aziendale Danieli;NMYMPHIQ6TFDRHXN;BUTTRIO;Via Nazionale ;Attivo;39;33042;Attivo;4.3 Cividale;39|BUTTRIO|Via Nazionale ;Via Nazionale  39 BUTTRIO
2019/2020;5;No;5;;;No;Servizio integrativo;Servizio familiare - Tagesmutter Valentina;KH180UUCEW4CUU7C;RONCHI DEI LEGIONARI;via Pacinotti;Attivo;7;34077;Attivo;2.2 Basso Isontino;7|RONCHI DEI LEGIONARI|via Pacinotti;via Pacinotti 7 RONCHI DEI LEGIONARI
2019/2020;28;No;23;;3;Si;Nido d'infanzia;"Nido d'Infanzia ""Santa Chiara""";D1D9ZQ4FYPQCQWIU;TRIESTE;dell'Istria;Attivo;61;34137;Attivo;1.2 Trieste;61|TRIESTE|dell'Istria;dell'Istria 61 TRIESTE
2019/2020;19;No;16;;2;Si;Nido d'infanzia;Il Paese dei Balocchi;E7FZKRRVCLX7SNKX;CAMPOFORMIDO;Via del Molino;Attivo;93;33040;Attivo;4.5 Udine;93|CAMPOFORMIDO|Via del Molino;Via del Molino 93 CAMPOFORMIDO
2019/2020;40;No;35;;4;Si;Nido d'infanzia;Asilo Nido Arcobaleno;A5TVFWPVXPW23F4C;SAN VITO AL TAGLIAMENTO;PIAZZA DEL POPOLO;Attivo;38;33078;Attivo;6.2 San Vito al Tagliamento;38|SAN VITO AL TAGLIAMENTO|PIAZZA DEL POPOLO;PIAZZA DEL POPOLO 38 SAN VITO AL TAGLIAMENTO
2019/2020;49;Si;47;2;6;Si;Nido d'infanzia;Nido  Ing. D. Agusta;45UPNRL8H0RU7Y5U;CASARSA DELLA DELIZIA;Viale Venezia;Attivo;79;33072;Attivo;6.2 San Vito al Tagliamento;79|CASARSA DELLA DELIZIA|Viale Venezia;Viale Venezia 79 CASARSA DELLA DELIZIA
2019/2020;35;No;26;;4;Si;Nido d'infanzia;"Nido d'infanzia ""C'era una volta""";91QCB3QXBXDOZZPW;UDINE;Via delle Scuole  (loc. Rizzi);Attivo;7;33100;Attivo;4.5 Udine;7|UDINE|Via delle Scuole  (loc. Rizzi);Via delle Scuole  (loc. Rizzi) 7 UDINE
2019/2020;34;No;19;;3;Si;Nido d'infanzia;Nido aziendale della Regione Autonoma FVG Girotondo;6BZ842ED0OAP1D5D;UDINE;Via Volturno ;Attivo;44;33100;Attivo;4.5 Udine;44|UDINE|Via Volturno ;Via Volturno  44 UDINE
2019/2020;25;No;25;;;No;Nido d'infanzia;NIDO D'INFANZIA COMUNALE PAVIA DI UDINE;KFWS74V8D2UYFC83;PAVIA DI UDINE;VIA LAUZACCO ;Attivo;1;33050;Attivo;4.5 Udine;1|PAVIA DI UDINE|VIA LAUZACCO ;VIA LAUZACCO  1 PAVIA DI UDINE
2019/2020;8;No;11;;;No;Servizio integrativo;Casa Dolce Casa;BUEZ4ULBMADNQ25X;UDINE;via Diaz;Attivo;14;33100;Attivo;4.5 Udine;14|UDINE|via Diaz;via Diaz 14 UDINE
2019/2020;64;No;52;;;No;Nido d'infanzia;Ghirigoro il nido dei bimbi;HG3G4LJD6LR6N7ER;UDINE;Via Caprera;Attivo;28;33100;Attivo;4.5 Udine;28|UDINE|Via Caprera;Via Caprera 28 UDINE
2019/2020;17;No;6;;;No;Nido d'infanzia;Scuola FRANCESCO DECIANI;5UUXB192O0G46UAK;MARTIGNACCO;Domenico Casco;Attivo;1;33035;Attivo;4.5 Udine;1|MARTIGNACCO|Domenico Casco;Domenico Casco 1 MARTIGNACCO
2019/2020;36;Si;34;7;3;Si;Nido d'infanzia;"Nido d'infanzia comunale ""K. Strekelj""";H2HHQ491PNNQ5DFL;DUINO AURISINA;Sistiana;Attivo;18;34011;Attivo;1.1 Duino Aurisina;18|DUINO AURISINA|Sistiana;Sistiana 18 DUINO AURISINA
2019/2020;57;No;19;;;No;Servizio integrativo;Servizio Giochiamo insieme;A6E2S5ZWM73B863Y;MANIAGO;Via Virgilio ;Attivo;24;33085;Attivo;6.4 Maniago;24|MANIAGO|Via Virgilio ;Via Virgilio  24 MANIAGO
2019/2020;50;Si;49;1;3;Si;Nido d'infanzia;Nido Il Mignolo;BK9PJ2HO9XKKW1ER;SPILIMBERGO;Via Monte nero (loc. Gradisca) 9;Attivo;9;33097;Attivo;6.4 Maniago;9|SPILIMBERGO|Via Monte nero (loc. Gradisca) 9;Via Monte nero (loc. Gradisca) 9 9 SPILIMBERGO
2019/2020;15;No;7;;;No;Servizio integrativo;Bimbinsieme;VJ73NW0DWJ9QJ2GA;CAMPOLONGO TAPOGLIANO;Via Gorizia 2;Attivo;;33040;Attivo;5.1 Cervignano;|CAMPOLONGO TAPOGLIANO|Via Gorizia 2;Via Gorizia 2  CAMPOLONGO TAPOGLIANO
2019/2020;18;Si;18;2;2;Si;Nido d'infanzia;Manine e Piedini - Prasecco;V75AXZGIPNKUEBCH;PORDENONE;Via Prasecco ;Attivo;23;33170;Attivo;6.5 Pordenone;23|PORDENONE|Via Prasecco ;Via Prasecco  23 PORDENONE
2019/2020;8;Si;8;5;;No;Servizio integrativo;La casetta delle coccole;422MKQ5NTZ1IKD72;CIVIDALE DEL FRIULI;Via Cavalieri di V.Veneto 6;Attivo;6;33043;Attivo;4.3 Cividale;6|CIVIDALE DEL FRIULI|Via Cavalieri di V.Veneto 6;Via Cavalieri di V.Veneto 6 6 CIVIDALE DEL FRIULI
2019/2020;5;Si;5;12;;No;Servizio integrativo;Nido familiare Maria Montessori;AB12V6WAMZZIDDX5;FAGAGNA;Via Principale ;Attivo;64;33034;Attivo;4.1 San Daniele del Friuli;64|FAGAGNA|Via Principale ;Via Principale  64 FAGAGNA
2019/2020;30;No;44;;;No;Servizio integrativo;Centro bambini e famiglie - Dimensione Zero-Sei;K2YUYQO4DOAMN92K;GORIZIA;via Vittorio Veneto;Attivo;7;;Attivo;2.1 Alto Isontino;7|GORIZIA|via Vittorio Veneto;via Vittorio Veneto 7 GORIZIA
2019/2020;25;Si;24;2;;No;Nido d'infanzia;Prima di Volare;H6JA90IHL24VVHPX;PRAVISDOMINI;Via Barco ;Attivo;24;33076;Attivo;6.3 Azzano Decimo;24|PRAVISDOMINI|Via Barco ;Via Barco  24 PRAVISDOMINI
2019/2020;25;Si;24;44;3;Si;Nido d'infanzia;Tika-Taka;WLY2ZSBYZA4RF35U;GORIZIA;via Rocca;Attivo;5;34170;Attivo;2.1 Alto Isontino;5|GORIZIA|via Rocca;via Rocca 5 GORIZIA
2019/2020;5;No;5;;;No;Servizio integrativo;"Nido famiglia ""Pappamondo""";3HVIRNTDGG6P6JJ0;SESTO AL REGHENA;Via Casali;Attivo;1/a;33079;Attivo;6.2 San Vito al Tagliamento;1/a|SESTO AL REGHENA|Via Casali;Via Casali 1/a SESTO AL REGHENA
2019/2020;69;Si;67;44;9;Si;Nido d'infanzia;Incantatempo;53OC4NM6QRHAA7KM;GORIZIA;viale Virgilio ;Attivo;20;34170;Attivo;2.1 Alto Isontino;20|GORIZIA|viale Virgilio ;viale Virgilio  20 GORIZIA
2019/2020;20;No;18;;2;Si;Nido d'infanzia;Manine e Piedini 2 - Cotonificio;I28TG1VP16UH80L0;PORDENONE;Via Cotonificio;Attivo;3/A;33170;Attivo;6.5 Pordenone;3/A|PORDENONE|Via Cotonificio;Via Cotonificio 3/A PORDENONE
2019/2020;19;No;17;;2;Si;Nido d'infanzia;generation baby;9268VV1NQV6GSL8S;TRIESTE;via San Francesco;Attivo;22;34133;Attivo;1.2 Trieste;22|TRIESTE|via San Francesco;via San Francesco 22 TRIESTE
2019/2020;28;No;21;;2;Si;Nido d'infanzia;Nido integrato Scuola Materna Papa Giovanni XXIII;7QV5VYJD87R67G3M;UDINE;Via Cividale  ;Attivo;650;33100;Attivo;4.5 Udine;650|UDINE|Via Cividale  ;Via Cividale   650 UDINE
2019/2020;8;Si;8;3;;No;Servizio integrativo;Il Bruco;LOAIKBWX70ODNGL5;TRIESTE;Loc Padriciano;Attivo;301;34149;Attivo;1.2 Trieste;301|TRIESTE|Loc Padriciano;Loc Padriciano 301 TRIESTE
2019/2020;8;No;12;;;No;Servizio integrativo;"Nido familiare ""Girasole"" di Gioseffini Nadia";F7RVIPGKP7DLJ346;BUIA;via Sopramonte;Attivo;89;33030;Attivo;4.1 San Daniele del Friuli;89|BUIA|via Sopramonte;via Sopramonte 89 BUIA
2019/2020;14;No;5;;;No;Servizio integrativo;Stanza Arcobaleno;E1GIGU1K0M3VNSH2;PRATO CARNICO;Frazione Prato;Attivo;1;33020;Attivo;3.2 Carnia;1|PRATO CARNICO|Frazione Prato;Frazione Prato 1 PRATO CARNICO
2019/2020;60;Si;55;44;;No;Nido d'infanzia;Scoprire e giocare;RAQPEQ81PQQWTNDE;GORIZIA;via Max Fabiani;Attivo;;;Attivo;2.1 Alto Isontino;|GORIZIA|via Max Fabiani;via Max Fabiani  GORIZIA
2019/2020;39;No;12;;5;Si;Nido d'infanzia;Il giardino incantato parte comunale;604SWU4TT3687EGY;GORIZIA;via Pasubio;Attivo;8;34170;Attivo;2.1 Alto Isontino;8|GORIZIA|via Pasubio;via Pasubio 8 GORIZIA
2019/2020;8;Si;14;5;;No;Servizio integrativo;Bosco Fatato;S50F02YJO7MOCG7N;CAPRIVA DEL FRIULI;Via Zorutti;Attivo;96/H;34070;Attivo;2.1 Alto Isontino;96/H|CAPRIVA DEL FRIULI|Via Zorutti;Via Zorutti 96/H CAPRIVA DEL FRIULI
2019/2020;5;No;0;;;No;Servizio integrativo;La perla blu;UMZTHSFRG5BYGLJO;ARTEGNA;Via S. Leonardo;Attivo;11;33011;Attivo;3.1 Gemonese;11|ARTEGNA|Via S. Leonardo;Via S. Leonardo 11 ARTEGNA
2019/2020;5;No;5;;;No;Servizio integrativo;SERVIZIO DOMICILIARE 'LA CASA DEL SOLE';1ODX1OSYHDEQC4P0;PALMANOVA;VIA XXIV MAGGIO;Attivo;7;33057;Attivo;5.1 Cervignano;7|PALMANOVA|VIA XXIV MAGGIO;VIA XXIV MAGGIO 7 PALMANOVA
2019/2020;24;Si;24;0;3;Si;Nido d'infanzia;A Piccoli Passi;QNN5XL2HCZZMXSWT;CANEVA;Via Nazario Sauro ;Attivo;4;33070;Attivo;6.1 Sacile;4|CANEVA|Via Nazario Sauro ;Via Nazario Sauro  4 CANEVA
2019/2020;59;Si;59;27;3;Si;Nido d'infanzia;Il Germoglio;CBMC5N8ZXU2HDFGK;PORDENONE;Via Auronzo ;Attivo;8;33170;Attivo;6.5 Pordenone;8|PORDENONE|Via Auronzo ;Via Auronzo  8 PORDENONE
2019/2020;5;No;5;;;No;Servizio integrativo;Piccolo Principe;FAVEZKXYTZH4QP3A;PORDENONE;Via Tiro a Segno;Attivo;16;33170;Attivo;6.5 Pordenone;16|PORDENONE|Via Tiro a Segno;Via Tiro a Segno 16 PORDENONE
2019/2020;15;Si;7;2;;No;Nido d'infanzia;Micro Asilo Nido comunale;3TOCZH3GQ680V8MF;CAVASSO NUOVO;Via Rinascita;Attivo;6;33092;Attivo;6.4 Maniago;6|CAVASSO NUOVO|Via Rinascita;Via Rinascita 6 CAVASSO NUOVO
2019/2020;32;No;32;;3;Si;Nido d'infanzia;Punto & Virgola;H1O8IWOTCHUIE41S;PORDENONE;Via Planton 6;Attivo;6;33170;Attivo;6.5 Pordenone;6|PORDENONE|Via Planton 6;Via Planton 6 6 PORDENONE
2019/2020;30;No;32;;4;Si;Nido d'infanzia;"Nido interaziendale ASUITS ""Gino Tosolini""";H7XNCEHKVKD3SVXJ;TRIESTE;Via Pietro Valdoni;Attivo;5;34149;Attivo;1.2 Trieste;5|TRIESTE|Via Pietro Valdoni;Via Pietro Valdoni 5 TRIESTE
2019/2020;60;No;48;;;No;Servizio integrativo;Bambini & Genitori Insieme;U4VN2IK8HPHFNSTV;TOLMEZZO;(c/o Asilo nido comunale Arcobaleno) Via Strada per Illeggio;Attivo;;33028;Attivo;3.2 Carnia;|TOLMEZZO|(c/o Asilo nido comunale Arcobaleno) Via Strada per Illeggio;(c/o Asilo nido comunale Arcobaleno) Via Strada per Illeggio  TOLMEZZO
2019/2020;40;No;12;;;No;Servizio integrativo;Bambini & Genitori Insieme;P83F59XP7BLJS89G;SOCCHIEVE;c/o Spazio di incontro Il Fagiolo Magico, Via Nazionale 30;Attivo;;33020;Attivo;3.2 Carnia;|SOCCHIEVE|c/o Spazio di incontro Il Fagiolo Magico, Via Nazionale 30;c/o Spazio di incontro Il Fagiolo Magico, Via Nazionale 30  SOCCHIEVE
2019/2020;5;No;6;;;No;Servizio integrativo;"Servizio educativo domiciliare ""Pika Poka""";0AZV7PYMC14HVY2M;GORIZIA;Viale Colombo;Attivo;60;34170;Attivo;2.1 Alto Isontino;60|GORIZIA|Viale Colombo;Viale Colombo 60 GORIZIA
2019/2020;8;Si;9;4;;No;Nido d'infanzia;Sulle ali dei sogni;EXZNRZMIMB3KUMN9;PASIAN DI PRATO;Via Colloredo;Attivo;44;33037;Attivo;4.5 Udine;44|PASIAN DI PRATO|Via Colloredo;Via Colloredo 44 PASIAN DI PRATO
2019/2020;40;No;40;;;No;Servizio integrativo;Centro gioco Pollicino;67MN8YQ163F3SK88;CASARSA DELLA DELIZIA;Via Runcis,59;Attivo;;33072;Attivo;6.2 San Vito al Tagliamento;|CASARSA DELLA DELIZIA|Via Runcis,59;Via Runcis,59  CASARSA DELLA DELIZIA
2019/2020;25;No;8;;;No;Nido d'infanzia;Spaziogioco Giocangolo - Templari;4KJUYTM0AN904EM1;SAN QUIRINO;Via Pordenone 73 bis;Attivo;73/a;33080;Attivo;6.5 Pordenone;73/a|SAN QUIRINO|Via Pordenone 73 bis;Via Pordenone 73 bis 73/a SAN QUIRINO
2019/2020;22;No;32;;;No;Servizio integrativo;Le Nuvole;4CTRR02Q9NZLAIF1;PORDENONE;Via Genaral Cantore ;Attivo;9;33170;Attivo;6.5 Pordenone;9|PORDENONE|Via Genaral Cantore ;Via Genaral Cantore  9 PORDENONE
2019/2020;35;No;14;;;No;Nido d'infanzia;"Nido integrato ""Mons. Domenico Cattarossi"" - Comunale";RAM59JP63A4ZJGS2;UDINE;Via Stuparich 7/a;Attivo;;33100;Attivo;4.5 Udine;|UDINE|Via Stuparich 7/a;Via Stuparich 7/a  UDINE
2019/2020;16;No;0;;;No;Servizio integrativo;Il Girasole;90LLXUP3Y3P3G7C2;PORDENONE;Via General Cantore ;Attivo;9;33170;Attivo;6.5 Pordenone;9|PORDENONE|Via General Cantore ;Via General Cantore  9 PORDENONE
2019/2020;35;No;24;;4;Si;Nido d'infanzia;"Nido d'infanzia ""C'era una volta"" - Comunale";5QBA0ITQ4Z5EN30Y;UDINE;Via delle Scuole 7 (loc. Rizzi);Attivo;;33100;Attivo;4.5 Udine;|UDINE|Via delle Scuole 7 (loc. Rizzi);Via delle Scuole 7 (loc. Rizzi)  UDINE
2019/2020;30;No;6;;2;Si;Nido d'infanzia;Asilo nido Rosa e Azzurro - comunale;FO1QRSW8XBAFBRXJ;UDINE;Via Mantova 13;Attivo;;33100;Attivo;4.5 Udine;|UDINE|Via Mantova 13;Via Mantova 13  UDINE
2019/2020;38;No;8;;5;Si;Nido d'infanzia;Nido Piccoli Principi - comunale;GV62NIWG1IN4R9M1;UDINE;Via Sabotino, 2;Attivo;;33100;Attivo;4.5 Udine;|UDINE|Via Sabotino, 2;Via Sabotino, 2  UDINE
2019/2020;24;No;8;;;No;Nido d'infanzia;"Nido integrato ""Erminia Linda"" - Comunale";PHW49H6LA24JOG9S;UDINE;Via Mistruzzi 19;Attivo;;33100;Attivo;4.5 Udine;|UDINE|Via Mistruzzi 19;Via Mistruzzi 19  UDINE
2019/2020;34;No;8;;3;Si;Nido d'infanzia;Nido aziendale della Regione Autonoma FVG Girotondo - Comunale;PYMATEYRY4OW3L05;UDINE;Via Volturno 44;Attivo;;33100;Attivo;4.5 Udine;|UDINE|Via Volturno 44;Via Volturno 44  UDINE
2019/2020;64;No;27;;5;Si;Nido d'infanzia;Ghirigoro il nido dei bimbi - Comunale;YA70A0N8LFNIB1IP;UDINE;Via Caprera 28;Attivo;;33100;Attivo;4.5 Udine;|UDINE|Via Caprera 28;Via Caprera 28  UDINE
2019/2020;28;No;19;;2;Si;Nido d'infanzia;Nido integrato Scuola Materna Papa Giovanni XXIII - comunale;Q583TGAHUHUIV5ZD;UDINE;Via Cividale 650 (loc. S. Gottardo);Attivo;;33100;Attivo;4.5 Udine;|UDINE|Via Cividale 650 (loc. S. Gottardo);Via Cividale 650 (loc. S. Gottardo)  UDINE
2019/2020;30;No;21;;2;Si;Nido d'infanzia;Asilo nido Filippo Renati - Comunale;HV89TAVHDBT6YGQQ;UDINE;Via S. Valentino 23/25;Attivo;;33100;Attivo;4.5 Udine;|UDINE|Via S. Valentino 23/25;Via S. Valentino 23/25  UDINE
2019/2020;44;No;30;;;No;Nido d'infanzia;"Nido d'Infanzia Aziendale Regione Autonoma Friuli Venezia Giulia ""La Bacchetta Magica""";TOM4H64LBW107SUT;TRIESTE; ViaCesare Cantù;Attivo;10;34100;Attivo;1.2 Trieste;10|TRIESTE| ViaCesare Cantù; ViaCesare Cantù 10 TRIESTE
2019/2020;5;Si;5;2;;No;Servizio integrativo;Zucca Magica 1;N9OR946LF9Z3A6TA;TERZO D'AQUILEIA;via Garibaldi 3;Attivo;;33050;Attivo;5.1 Cervignano;|TERZO D'AQUILEIA|via Garibaldi 3;via Garibaldi 3  TERZO D'AQUILEIA
2019/2020;4;No;4;;;No;Servizio integrativo;Zucca Magica 2;U3BRBFX78X1P1U4W;TERZO D'AQUILEIA;via Garibaldi 3;Attivo;;33050;Attivo;5.1 Cervignano;|TERZO D'AQUILEIA|via Garibaldi 3;via Garibaldi 3  TERZO D'AQUILEIA
2019/2020;10;No;12;;;No;Servizio sperimentale;Fiori di Lillà;AZYCDZW36MVSKLQQ;CAPRIVA DEL FRIULI;Via Pertini ;Attivo;9;34070;Inattivo;2.1 Alto Isontino;9|CAPRIVA DEL FRIULI|Via Pertini ;Via Pertini  9 CAPRIVA DEL FRIULI
2019/2020;8;Si;8;5;;No;Servizio integrativo;"Servizio educativo ""Come a casa""";GWO3C6LLGOMIB6LE;TRIESTE; Via Lucio Pisa;Attivo;9;34148;Attivo;1.2 Trieste;9|TRIESTE| Via Lucio Pisa; Via Lucio Pisa 9 TRIESTE
2019/2020;15;No;10;;;No;Nido d'infanzia;Nido d'infanzia Primi Passi;327PEFDLIMU59QSI;RAGOGNA;Via Bertolissi ;Attivo;1;33030;Attivo;4.1 San Daniele del Friuli;1|RAGOGNA|Via Bertolissi ;Via Bertolissi  1 RAGOGNA
2019/2020;68;Si;17;70;8;Si;Nido d'infanzia;Nido Arcobaleno 1 - Parte comunale;3H7N2WMLI3MEV1QN;TRIESTE;Morpurgo;Attivo;7/2;34147;Attivo;1.2 Trieste;7/2|TRIESTE|Morpurgo;Morpurgo 7/2 TRIESTE
2019/2020;40;Si;14;23;5;Si;Nido d'infanzia;Nido Arcobaleno 2 - Parte comunale;WWZ4A0IY9LTXDZ8A;TRIESTE;Morpurgo;Attivo;7/2;34147;Attivo;1.2 Trieste;7/2|TRIESTE|Morpurgo;Morpurgo 7/2 TRIESTE
2019/2020;46;Si;14;75;6;Si;Nido d'infanzia;"Nido d'Infanzia Aziendale Regione Autonoma Friuli Venezia Giulia ""La Bacchetta Magica"" - Parte comunale";O0WK0S85FP9TZ8S0;TRIESTE;Cesare Cantù;Attivo;10;34100;Attivo;1.2 Trieste;10|TRIESTE|Cesare Cantù;Cesare Cantù 10 TRIESTE
2019/2020;25;Si;12;59;1;Si;Nido d'infanzia;Gaia Club-Nido Infanzia - Parte comunale;AU3I1S2C9C721Z65;TRIESTE;Galleria Protti;Attivo;1;34121;Attivo;1.2 Trieste;1|TRIESTE|Galleria Protti;Galleria Protti 1 TRIESTE
2019/2020;25;No;0;;;No;Servizio integrativo;Un nido per crescere di sabato c/o Nido Cjase di Catine;SHMV6INZCTI0KT8V;MANZANO;Via Percoto 92 (fr.S.Lorenzo);Attivo;92;030055;Attivo;4.3 Cividale;92|MANZANO|Via Percoto 92 (fr.S.Lorenzo);Via Percoto 92 (fr.S.Lorenzo) 92 MANZANO
2019/2020;19;Si;10;138;2;Si;Nido d'infanzia;generation baby - Parte comunale;GL2X45EPEWNMLHL2;TRIESTE;San Francesco;Attivo;22;34133;Attivo;1.2 Trieste;22|TRIESTE|San Francesco;San Francesco 22 TRIESTE
2019/2020;62;Si;27;70;8;Si;Nido d'infanzia;"Nido d'Infanzia ""I Cuccioli"" di Villa Geiringer - Parte comunale";K150DE1IP4S3M67O;TRIESTE;Ovidio;Attivo;4/9;34134;Attivo;1.2 Trieste;4/9|TRIESTE|Ovidio;Ovidio 4/9 TRIESTE
2019/2020;69;Si;20;122;9;Si;Nido d'infanzia;Il Nuovo Guscio - Parte comunale;PTW83IV5RBYBVYZS;TRIESTE;Delle Monache;Attivo;3;34121;Attivo;1.2 Trieste;3|TRIESTE|Delle Monache;Delle Monache 3 TRIESTE
2019/2020;34;Si;6;42;4;Si;Nido d'infanzia;"Nido interaziendale ASUITS ""Gino Tosolini"" - Parte comunale";M0DX37B62Q37021L;TRIESTE;Pietro Valdoni;Attivo;5;34149;Attivo;1.2 Trieste;5|TRIESTE|Pietro Valdoni;Pietro Valdoni 5 TRIESTE
2019/2020;30;Si;13;44;4;Si;Nido d'infanzia;"Nido ""La Casetta"" - Parte comunale";CNZKNMSMYYNH5GO0;TRIESTE;Besenghi;Attivo;27;34143;Attivo;1.2 Trieste;27|TRIESTE|Besenghi;Besenghi 27 TRIESTE
2019/2020;24;Si;2;21;3;Si;Nido d'infanzia;"Nido d'Infanzia Aziendale ""La Sissa dei Piccoli"" - Parte comunale";Q2YFDTFJTV2NJIZO;TRIESTE;Bonomea;Attivo;265;34136;Attivo;1.2 Trieste;265|TRIESTE|Bonomea;Bonomea 265 TRIESTE
2019/2020;22;Si;8;70;3;Si;Nido d'infanzia;Nido La torre delle Favole - Parte comunale;KIDOEM6G4RLPOYIQ;TRIESTE;San Francesco d'Assisi;Attivo;15;34133;Attivo;1.2 Trieste;15|TRIESTE|San Francesco d'Assisi;San Francesco d'Assisi 15 TRIESTE
2019/2020;17;Si;6;40;2;Si;Nido d'infanzia;Asilo nido le Aiuole - Parte comunale;559HOJJ1TVUHJPOR;TRIESTE;Delle Aiuole;Attivo;4;34141;Attivo;1.2 Trieste;4|TRIESTE|Delle Aiuole;Delle Aiuole 4 TRIESTE
2019/2020;32;Si;14;23;;No;Nido d'infanzia;Asilo Piccole Tracce - Parte comunale;SVEHU1LF47OMKEE5;TRIESTE;del Ponzanino;Attivo;6/A;34137;Attivo;1.2 Trieste;6/A|TRIESTE|del Ponzanino;del Ponzanino 6/A TRIESTE
2019/2020;24;Si;10;25;3;Si;Nido d'infanzia;"Nido d'Infanzia ""Santa Chiara"" - Parte comunale";ADGD64MFQAZFF12C;TRIESTE;dell'Istria;Attivo;61;34137;Attivo;1.2 Trieste;61|TRIESTE|dell'Istria;dell'Istria 61 TRIESTE
2019/2020;41;Si;10;22;3;Si;Nido d'infanzia;Slovenski Dijaski DomSrecko KosovelCasa dello Studente Sloveno Srecko Kosovel - Parte comunale;TMT9ICKOZ1YAVSM9;TRIESTE;Ginnastica;Attivo;72;34142;Attivo;1.2 Trieste;72|TRIESTE|Ginnastica;Ginnastica 72 TRIESTE
2019/2020;53;Si;15;27;7;Si;Nido d'infanzia;UN'OASI DI SORRISI - Parte comunale;6K3RSRIG22LS141F;TRIESTE;Del Collegio;Attivo;6;34121;Attivo;1.2 Trieste;6|TRIESTE|Del Collegio;Del Collegio 6 TRIESTE
2019/2020;4;No;4;;;No;Servizio integrativo;Carl e Ellie;W4C6X8Y8SJBFTSEN;PORDENONE;Frazione Villanova;Attivo;37;33170;Attivo;6.5 Pordenone;37|PORDENONE|Frazione Villanova;Frazione Villanova 37 PORDENONE
2019/2020;21;No;16;;2;Si;Nido d'infanzia;Asilo Cappuccetto Rosso;BYO7O0MUVMQTQAQJ;UDINE;Via Pisino ;Attivo;12;33100;Attivo;4.5 Udine;12|UDINE|Via Pisino ;Via Pisino  12 UDINE
2019/2020;51;No;51;;6;Si;Nido d'infanzia;La torre di Mago Merlino;XF7RFK0WYGH9109U;PASIAN DI PRATO;Via Nogaredo ;Attivo;13;33037;Attivo;4.5 Udine;13|PASIAN DI PRATO|Via Nogaredo ;Via Nogaredo  13 PASIAN DI PRATO
2019/2020;20;No;5;;;No;Servizio integrativo;Progetto Baby Sitter Comunale;2CTVEA3LFJ0B83I1;PASIAN DI PRATO;Via Roma 46 ;Attivo;;33037;Attivo;4.5 Udine;|PASIAN DI PRATO|Via Roma 46 ;Via Roma 46   PASIAN DI PRATO
2019/2020;15;Si;13;6;;No;Nido d'infanzia;Piccoli Passi;DB0Q4MDJ2ST47KIQ;TALMASSONS;Piazza del Popolo;Attivo;1/4;33030;Attivo;4.4 Codroipo;1/4|TALMASSONS|Piazza del Popolo;Piazza del Popolo 1/4 TALMASSONS
2019/2020;15;Si;15;3;;No;Nido d'infanzia;Asilo Nido L'albero magico;3NEQ23SUP8WOGCUG;CORDENONS;Via Maestra;Attivo;234;33084;Attivo;6.5 Pordenone;234|CORDENONS|Via Maestra;Via Maestra 234 CORDENONS
2019/2020;20;No;10;;;No;Servizio integrativo;Centro bambini genitori - Associazione genitori Melarancia;C1T982ODA3A5SVTJ;PORDENONE;Via Monte Cavallo,3;Attivo;;33170;Attivo;6.5 Pordenone;|PORDENONE|Via Monte Cavallo,3;Via Monte Cavallo,3  PORDENONE
2019/2020;20;No;6;;;No;Servizio integrativo;BIMBI NUOVI NUOVI ADULTI Soc. Coop. Sociale - Impresa Sociale Onlus;YHUATB09379P9QXO;TRIESTE;Via Cesare Beccaria;Attivo;6;34133;Attivo;1.2 Trieste;6|TRIESTE|Via Cesare Beccaria;Via Cesare Beccaria 6 TRIESTE
2019/2020;17;No;0;0;2;Si;Nido d'infanzia;"Scuola dell'infanzia Paritaria ""Maria Bambina""";HW7NRTDJ9WW1X9EV;BAGNARIA ARSA;Vittorio Veneto;Attivo;18;33050;Attivo;5.1 Cervignano;18|BAGNARIA ARSA|Vittorio Veneto;Vittorio Veneto 18 BAGNARIA ARSA
2019/2020;8;No;12;;;No;Servizio integrativo;Folli Folletti;SB5IEK110Q82TWC7;TRIESTE;Ghirlandaio;Attivo;22;34139;Attivo;1.2 Trieste;22|TRIESTE|Ghirlandaio;Ghirlandaio 22 TRIESTE
2019/2020;8;No;12;;;No;Servizio integrativo;Folli Folletti 13;3BR8YJP0LVPW2FPY;TRIESTE;Piazza Goldoni;Attivo;5;34122;Attivo;1.2 Trieste;5|TRIESTE|Piazza Goldoni;Piazza Goldoni 5 TRIESTE
2019/2020;8;No;12;;;No;Servizio integrativo;Folli Folletti 17;MB5XR3YW9VZO1S4V;TRIESTE;Piazza Goldoni;Attivo;5;34122;Attivo;1.2 Trieste;5|TRIESTE|Piazza Goldoni;Piazza Goldoni 5 TRIESTE
2019/2020;8;No;9;;;No;Servizio integrativo;A Piedi Nudi;D3FH1SHQJ9DEVXPF;UDINE;Via Basiliano;Attivo;41/2;33100;Attivo;4.5 Udine;41/2|UDINE|Via Basiliano;Via Basiliano 41/2 UDINE
2019/2020;5;No;5;;;No;Servizio integrativo;Hola luna - Nidi familiari La Gerla;Z44LOKKFYI89Z007;TOLMEZZO;P.zza Massaua (fr. Casanova);Attivo;4/1;33028;Attivo;3.2 Carnia;4/1|TOLMEZZO|P.zza Massaua (fr. Casanova);P.zza Massaua (fr. Casanova) 4/1 TOLMEZZO
2019/2020;6;No;6;;;No;Servizio integrativo;La Casa di Pooh;EPLGJ9TVU6ZCY5H4;PRATA DI PORDENONE;Roma;Attivo;54/B;33080;Attivo;6.3 Azzano Decimo;54/B|PRATA DI PORDENONE|Roma;Roma 54/B PRATA DI PORDENONE
2019/2020;25;Si;25;2;1;Si;Nido d'infanzia;Gaia Club-Nido Infanzia;BTQA56DB0S8FA1KJ;TRIESTE;Galleria Protti;Attivo;1;34121;Attivo;1.2 Trieste;1|TRIESTE|Galleria Protti;Galleria Protti 1 TRIESTE
2019/2020;8;No;5;;;No;Servizio sperimentale;Gaia Club;R7RGLLPRMF90LR1I;TRIESTE;Galleria Protti;Attivo;1;34121;Attivo;1.2 Trieste;1|TRIESTE|Galleria Protti;Galleria Protti 1 TRIESTE
2019/2020;23;No;23;;;No;Nido d'infanzia;La casa dei Sogni di Joy e Roy - Tarcento;9S9MKXEOD9LSCMN5;TARCENTO;Via Martiri della Libertà;Attivo;9;33017;Attivo;4.2 Tarcento;9|TARCENTO|Via Martiri della Libertà;Via Martiri della Libertà 9 TARCENTO
2019/2020;8;No;8;;;No;Servizio integrativo;Mapa' Nido Montessori;AD9G3XZEIFFA7ZPI;TRIESTE;via FulvioTesti;Attivo;5;34124 ;Attivo;1.2 Trieste;5|TRIESTE|via FulvioTesti;via FulvioTesti 5 TRIESTE
2019/2020;;;;;;;Nido d'infanzia;Nido d’Infanzia “Mandi”;SMEEUI09XE2YUYWZ;MORSANO AL TAGLIAMENTO;Fraz. San Paolo Via Interna;Attivo;14;33075;Attivo;6.2 San Vito al Tagliamento;14|MORSANO AL TAGLIAMENTO|Fraz. San Paolo Via Interna;Fraz. San Paolo Via Interna 14 MORSANO AL TAGLIAMENTO
2019/2020;5;No;5;;;No;Servizio integrativo;Servizio Educativo Domiciliare Maciao;0P9TQKDBVO02URXW;TOLMEZZO;Via Spinotti;Attivo;2;33015;Attivo;3.2 Carnia;2|TOLMEZZO|Via Spinotti;Via Spinotti 2 TOLMEZZO
2019/2020;20;No;10;;;No;Servizio integrativo;Il Guscio;ORX7AU5N30D6WA1V;OVARO;Via ex Ferrovia 15 (c/o Punto Salute);Attivo;15;;Attivo;3.2 Carnia;15|OVARO|Via ex Ferrovia 15 (c/o Punto Salute);Via ex Ferrovia 15 (c/o Punto Salute) 15 OVARO
2019/2020;8;No;8;;;No;Servizio integrativo;Nido Domiciliare Maciao;R16ZKUNS6U3QJU3F;TOLMEZZO;Via IV Novembre;Attivo;13;33028;Attivo;3.2 Carnia;13|TOLMEZZO|Via IV Novembre;Via IV Novembre 13 TOLMEZZO
2019/2020;66;No;0;;6;Si;Nido d'infanzia;Asilo Nido Nuovo Sole;HV42C22QCP40RHAX;FONTANAFREDDA;Via Europa Unita ;Attivo;10;33074;Attivo;6.1 Sacile;10|FONTANAFREDDA|Via Europa Unita ;Via Europa Unita  10 FONTANAFREDDA
2019/2020;20;No;12;;;No;Servizio integrativo;Centro bambini e genitori;D3ZZOS0S4WNWYDY4;SAN CANZIAN D'ISONZO;via Gorizia;Attivo;4;34075;Attivo;2.2 Basso Isontino;4|SAN CANZIAN D'ISONZO|via Gorizia;via Gorizia 4 SAN CANZIAN D'ISONZO
2019/2020;8;Si;8;10;;No;Servizio integrativo;"Nido domiciliare ""La casa delle meraviglie""";5NITXXR2SHPOMM91;SPILIMBERGO;Via Mazzini;Attivo;54/b;33097;Attivo;6.4 Maniago;54/b|SPILIMBERGO|Via Mazzini;Via Mazzini 54/b SPILIMBERGO
